"zona","state","municipio","head","hotel"
"1","Cancun","Cancun","Cancun","Adhara Cancun"
"1","Cancun","Cancun","Cancun","Aloft Cancun"
"1","Cancun","Cancun","Cancun","Altitude By Krystal grand punta Cancun"
"1","Cancun","Cancun","Cancun","Ambiance Suites Cancun"
"1","Cancun","Cancun","Cancun","Aquamarina Beach Cancun"
"1","Cancun","Cancun","Cancun","AR Villa Sicilia Cancun"
"1","Cancun","Cancun","Cancun","Aristos Cancun Plaza"
"1","Cancun","Cancun","Cancun","Avalon Grand Hotel Cancun"
"1","Cancun","Cancun","Cancun","Barcelo Costa Cancun"
"1","Cancun","Cancun","Cancun","Barcelo Tucancun Beach Cancun"
"1","Cancun","Cancun","Cancun","Bay View Grand Cancún"
"1","Cancun","Cancun","Cancun","Bay View Grand Porto Fino"
"1","Cancun","Cancun","Cancun","Beach Palace Cancun"
"1","Cancun","Cancun","Cancun","Beachscape Kin Ha Villas Cancun"
"1","Cancun","Cancun","Cancun","Bel Air Cancun"
"1","Cancun","Cancun","Cancun","Bel Air Collection Cancun"
"1","Cancun","Cancun","Cancun","Bellevue Beach Paradise Cancun"
"1","Cancun","Cancun","Cancun","Blue Lagoon Cancun"
"1","Cancun","Cancun","Cancun","BSEA Cancun Plaza Hotel"
"1","Cancun","Cancun","Cancun","Calypso Hotel Cancun"
"1","Cancun","Cancun","Cancun","Cancun Bay Resort Cancun"
"1","Cancun","Cancun","Cancun","Cancun Beach Escape Condos"
"1","Cancun","Cancun","Cancun","Cancun Clipper Club"
"1","Cancun","Cancun","Cancun","Cancun Palace Condos"
"1","Cancun","Cancun","Cancun","Cancun Plaza Sea View"
"1","Cancun","Cancun","Cancun","Caribbean Village Cancun "
"1","Cancun","Cancun","Cancun","Carisa y Palma Cancun"
"1","Cancun","Cancun","Cancun","Casa Gaviotas Cancun"
"1","Cancun","Cancun","Cancun","Casa Maria Cancun"
"1","Cancun","Cancun","Cancun","Casa Maya Cancun"
"1","Cancun","Cancun","Cancun","Casa Tortugas Boutique Hotel"
"1","Cancun","Cancun","Cancun","Celuisma Maya Caribe Cancun"
"1","Cancun","Cancun","Cancun","City Express Cancun"
"1","Cancun","Cancun","Cancun","Club Carrousel Cancún"
"1","Cancun","Cancun","Cancun","Club Med Cancun"
"1","Cancun","Cancun","Cancun","Club Verano Beat Cancun"
"1","Cancun","Cancun","Cancun","Condominio Bellamar Cancun"
"1","Cancun","Cancun","Cancun","Condominios Las Brisas"
"1","Cancun","Cancun","Cancun","Coral Mar Cancun"
"1","Cancun","Cancun","Cancun","Crown Paradise Club Cancun"
"1","Cancun","Cancun","Cancun","Dreams Sands Cancun"
"1","Cancun","Cancun","Cancun","Elite Car rental Downtown Ave Nader"
"1","Cancun","Cancun","Cancun","Emerald RESIDENTIAL TOWER & SPA"
"1","Cancun","Cancun","Cancun","Emporio Cancun"
"1","Cancun","Cancun","Cancun","Fiesta Americana Condesa Cancun"
"1","Cancun","Cancun","Cancun","Fiesta Americana Grand Coral Beach Cancun"
"1","Cancun","Cancun","Cancun","Fiesta Americana Vacation Club Cancun"
"1","Cancun","Cancun","Cancun","Fiesta Americana Villas Cancun"
"1","Cancun","Cancun","Cancun","Girasol Condos Cancun"
"1","Cancun","Cancun","Cancun","Golden Crown"
"1","Cancun","Cancun","Cancun","Golden Parnassus Cancun"
"1","Cancun","Cancun","Cancun","Gr Caribe by Solaris Cancun"
"1","Cancun","Cancun","Cancun","Gr Solaris Cancun"
"1","Cancun","Cancun","Cancun","Gran Caribe Real Cancun"
"1","Cancun","Cancun","Cancun","Gran Meliá Cancun"
"1","Cancun","Cancun","Cancun","Grand Oasis Cancun"
"1","Cancun","Cancun","Cancun","Grand Oasis Palm Beach"
"1","Cancun","Cancun","Cancun","Grand Oasis Resort"
"1","Cancun","Cancun","Cancun","Grand Oasis Sens Cancun"
"1","Cancun","Cancun","Cancun","Grand Park Royal"
"1","Cancun","Cancun","Cancun","Grand Park Royal Caribe Cancun"
"1","Cancun","Cancun","Cancun","Grand Royal Lagoon Cancun"
"1","Cancun","Cancun","Cancun","Great Parnassus Cancun"
"1","Cancun","Cancun","Cancun","Green 16 Cancun"
"1","Cancun","Cancun","Cancun","Hard Rock Cancun"
"1","Cancun","Cancun","Cancun","Holiday Inn Cancun Arenas"
"1","Cancun","Cancun","Cancun","Hostal Mayapan Cancun"
"1","Cancun","Cancun","Cancun","Hostel Natura"
"1","Cancun","Cancun","Cancun","Hotel Cancun Plaza Condo"
"1","Cancun","Cancun","Cancun","Hotel Casa Turquesa Cancun"
"1","Cancun","Cancun","Cancun","Hotel Dos Playas Cancun"
"1","Cancun","Cancun","Cancun","Hotel Flamingo Cancun"
"1","Cancun","Cancun","Cancun","Hotel Flamingo Cancun Resort"
"1","Cancun","Cancun","Cancun","Hotel Imperial Laguna"
"1","Cancun","Cancun","Cancun","Hotel Imperial Laguna by Celuisma"
"1","Cancun","Cancun","Cancun","Hotel Imperial Las Perlas Cancun"
"1","Cancun","Cancun","Cancun","Hotel Margaritas Cancun"
"1","Cancun","Cancun","Cancun","Hotel Mia Cancun "
"1","Cancun","Cancun","Cancun","Hotel Occidental Costa Cancun"
"1","Cancun","Cancun","Cancun","Hotel Riu Cancun"
"1","Cancun","Cancun","Cancun","Hotel Riu Caribe"
"1","Cancun","Cancun","Cancun","Hotel Riu Palace Las Americas Cancun"
"1","Cancun","Cancun","Cancun","Hotel Solymar Beach Resort Cancun"
"1","Cancun","Cancun","Cancun","Hotel Sotavento Cancun"
"1","Cancun","Cancun","Cancun","Hotel Yalmakan"
"1","Cancun","Cancun","Cancun","Hyatt Cancún Caribe Villas & Resort"
"1","Cancun","Cancun","Cancun","Hyatt Regency Cancún"
"1","Cancun","Cancun","Cancun","Hyatt Zilara Cancun"
"1","Cancun","Cancun","Cancun","Hyatt Ziva Cancun"
"1","Cancun","Cancun","Cancun","Iberostar Cancun Star Prestige"
"1","Cancun","Cancun","Cancun","Iberostar Selection Cancun "
"1","Cancun","Cancun","Cancun","Imperial Club Casa Maya"
"1","Cancun","Cancun","Cancun","imperial fiesta club casa maya "
"1","Cancun","Cancun","Cancun","Isla Mujeres, Ultramar Ferry, Puerto Juarez"
"1","Cancun","Cancun","Cancun","JW Marriott Cancun"
"1","Cancun","Cancun","Cancun","Krystal Cancun"
"1","Cancun","Cancun","Cancun","Krystal Grand Punta Cancun"
"1","Cancun","Cancun","Cancun","La Palma Hotel & Club Nautico"
"1","Cancun","Cancun","Cancun","La Villa Du Golf a Cancun"
"1","Cancun","Cancun","Cancun","Laguna Suites Cancun"
"1","Cancun","Cancun","Cancun","Laguna Verde"
"1","Cancun","Cancun","Cancun","Le Blanc Spa Resort Cancun"
"1","Cancun","Cancun","Cancun","Live Aqua Cancun"
"1","Cancun","Cancun","Cancun","Marina Chac Chi"
"1","Cancun","Cancun","Cancun","Marriott Cancun Resort"
"1","Cancun","Cancun","Cancun","Maya Caribe Beach House"
"1","Cancun","Cancun","Cancun","Mayafair Design Hotel Cancun"
"1","Cancun","Cancun","Cancun","Mayan Monkey Hostel Cancun"
"1","Cancun","Cancun","Cancun","Me By Melia"
"1","Cancun","Cancun","Cancun","Me Cancun"
"1","Cancun","Cancun","Cancun","Melody Maker Cancun"
"1","Cancun","Cancun","Cancun","Miramar Mision Cancún Class"
"1","Cancun","Cancun","Cancun","Moon Palace Grand Cancun"
"1","Cancun","Cancun","Cancun","Moon Palace Nizuk Golf & Spa Resort Cancun"
"1","Cancun","Cancun","Cancun","Moon Palace Sunrise & Spa Resort Cancun"
"1","Cancun","Cancun","Cancun","Nichupte Destination Spa Cancun"
"1","Cancun","Cancun","Cancun","Nirvana Hostel Cancun"
"1","Cancun","Cancun","Cancun","Nizuc Resort & Spa Cancun"
"1","Cancun","Cancun","Cancun","Now Emerald Cancun"
"1","Cancun","Cancun","Cancun","NYX Hotel Cancun"
"1","Cancun","Cancun","Cancun","Oasis Beach & Spa"
"1","Cancun","Cancun","Cancun","Oasis Cancun"
"1","Cancun","Cancun","Cancun","Oasis Cancun Lite"
"1","Cancun","Cancun","Cancun","Oasis Palm Beach Cancun"
"1","Cancun","Cancun","Cancun","Oasis Palm Cancun"
"1","Cancun","Cancun","Cancun","Occidental Tucancún"
"1","Cancun","Cancun","Cancun","Ocean Club Suites Cancun"
"1","Cancun","Cancun","Cancun","Ocean Dream BPR Cancun"
"1","Cancun","Cancun","Cancun","Ocean Spa Hotel"
"1","Cancun","Cancun","Cancun","Oleo Cancun Playa"
"1","Cancun","Cancun","Cancun","Omni Cancun Hotel & Villas"
"1","Cancun","Cancun","Cancun","Panama Jack Resorts Gran Caribe Cancun"
"1","Cancun","Cancun","Cancun","Paradisus Cancun"
"1","Cancun","Cancun","Cancun","Park Royal Cancun"
"1","Cancun","Cancun","Cancun","Park Royal Pirámides Cancún"
"1","Cancun","Cancun","Cancun","Pok-ta-pok 28 Cancun"
"1","Cancun","Cancun","Cancun","Presidente Intercontinental Cancun"
"1","Cancun","Cancun","Cancun","Private Destination Cancun"
"1","Cancun","Cancun","Cancun","Q-Bay Cancun"
"1","Cancun","Cancun","Cancun","Real Inn Cancun"
"1","Cancun","Cancun","Cancun","Reflect Krystal Grand Cancun"
"1","Cancun","Cancun","Cancun","Retorno Del Rey 14 Cancun"
"1","Cancun","Cancun","Cancun","Riu Palace Las Americas"
"1","Cancun","Cancun","Cancun","Riu Palace Peninsula Cancun"
"1","Cancun","Cancun","Cancun","Riu Peninsula"
"1","Cancun","Cancun","Cancun","Riviera Cancun Golf Club"
"1","Cancun","Cancun","Cancun","Royal Cancun"
"1","Cancun","Cancun","Cancun","Royal Cancun VCI"
"1","Cancun","Cancun","Cancun","Royal Caribbean"
"1","Cancun","Cancun","Cancun","Royal Holiday Cancun"
"1","Cancun","Cancun","Cancun","Royal Islander"
"1","Cancun","Cancun","Cancun","royal sands"
"1","Cancun","Cancun","Cancun","Royal Solaris Cancun"
"1","Cancun","Cancun","Cancun","Royal Sunset Cancun"
"1","Cancun","Cancun","Cancun","Royalton Suites Cancun Resort & Spa Zona Hotelera"
"1","Cancun","Cancun","Cancun","Salvia Cancun"
"1","Cancun","Cancun","Cancun","Sandos Cancun Lifestyle Resort"
"1","Cancun","Cancun","Cancun","Sandos de Cancún"
"1","Cancun","Cancun","Cancun","Seadust Cancun Family Resort"
"1","Cancun","Cancun","Cancun","Secrets The Vine Cancun"
"1","Cancun","Cancun","Cancun","Selina Cancun Hotel Zone (Lagoon)"
"1","Cancun","Cancun","Cancun","Señor Frogs Hostel Cancun"
"1","Cancun","Cancun","Cancun","Spacio Nube"
"1","Cancun","Cancun","Cancun","Suites Costa Blanca Hotel"
"1","Cancun","Cancun","Cancun","Suites Sina Cancun"
"1","Cancun","Cancun","Cancun","Sun Palace Cancun"
"1","Cancun","Cancun","Cancun","Sunset Lagoon Hotel & Marina"
"1","Cancun","Cancun","Cancun","Sunset Marina Resort & Yacht Club "
"1","Cancun","Cancun","Cancun","Sunset Marina Resort Cancun"
"1","Cancun","Cancun","Cancun","Sunset Royal Beach Resort Cancun"
"1","Cancun","Cancun","Cancun","Temptation Resort & Spa Cancun"
"1","Cancun","Cancun","Cancun","Terramar Plaza Condos Cancun"
"1","Cancun","Cancun","Cancun","The Pyramid at Grand Oasis - Cancun"
"1","Cancun","Cancun","Cancun","The Ritz-Carlton Cancun"
"1","Cancun","Cancun","Cancun","The Royal Cancun"
"1","Cancun","Cancun","Cancun","The villas at the royal cancun"
"1","Cancun","Cancun","Cancun","The Westin Laguna Mar Cancun"
"1","Cancun","Cancun","Cancun","Torre Dorada Cancún"
"1","Cancun","Cancun","Cancun","Ultramar Pto Juarez"
"1","Cancun","Cancun","Cancun","Villa Bonita Cancún"
"1","Cancun","Cancun","Cancun","Villa Palmeras Cancun"
"1","Cancun","Cancun","Cancun","Villas Las Capulas Cancun"
"1","Cancun","Cancun","Cancun","Villas Las Cupulas"
"1","Cancun","Cancun","Cancun","Villas Marlin"
"1","Cancun","Cancun","Cancun","Villas Nizuc"
"1","Cancun","Cancun","Cancun","Westin Club Regina Cancun"
"1","Cancun","Cancun","Cancun","Westin Resort & Spa Cancun"
"1","Cancun","Cancun","Cancun","WorldMark Isla Mujeres"
"2","Cancun","Cancun","Cancun Centro","Agavero Hostel Cancun"
"2","Cancun","Cancun","Cancun Centro","Amara Cancun Beachfront Condos"
"2","Cancun","Cancun","Cancun Centro","Bed and Breakfast Eclipse"
"2","Cancun","Cancun","Cancun Centro","Bed and Breakfast Pecari Cancun"
"2","Cancun","Cancun","Cancun Centro","Blue Star Cancun"
"2","Cancun","Cancun","Cancun Centro","Cancun International Suites"
"2","Cancun","Cancun","Cancun Centro","Cancun Towers Cancun"
"2","Cancun","Cancun","Cancun Centro","Casa Wayak"
"2","Cancun","Cancun","Cancun Centro","Casa YOSHIDA CANCUN"
"2","Cancun","Cancun","Cancun Centro","City Express Plus Cancun Airport"
"2","Cancun","Cancun","Cancun Centro","Comfort Inn Cancun Airport"
"2","Cancun","Cancun","Cancun Centro","Condominio Horizontes Cancun"
"2","Cancun","Cancun","Cancun Centro","Courtyard Marriott Cancun Airport"
"2","Cancun","Cancun","Cancun Centro","Dental Design Studio"
"2","Cancun","Cancun","Cancun Centro","Dreams Vista Cancun Resort & Spa Puerto Cancun "
"2","Cancun","Cancun","Cancun Centro","El Rey Del Caribe Cancun"
"2","Cancun","Cancun","Cancun Centro","Fairfield Inn & Suites by Marriott Cancun Airport"
"2","Cancun","Cancun","Cancun Centro","Fiesta Inn Cancun Las Americas "
"2","Cancun","Cancun","Cancun Centro","Four Points By Sheraton"
"2","Cancun","Cancun","Cancun Centro","Garden Suites Cancun"
"2","Cancun","Cancun","Cancun Centro","Granada 6 Hostel Cancun"
"2","Cancun","Cancun","Cancun Centro","Habitalia Paraiso Cancun"
"2","Cancun","Cancun","Cancun Centro","Hampton Inn By Hilton Cancun"
"2","Cancun","Cancun","Cancun Centro","Haven Riviera Cancún"
"2","Cancun","Cancun","Cancun Centro","Hopelchen Condo Cancun"
"2","Cancun","Cancun","Cancun Centro","Hostalito Mexican Hostel"
"2","Cancun","Cancun","Cancun Centro","Hostel Ka'beh Cancun"
"2","Cancun","Cancun","Cancun Centro","Hostel Mundo Maya Cancun"
"2","Cancun","Cancun","Cancun Centro","Hotel Antillano Cancun"
"2","Cancun","Cancun","Cancun Centro","HOTEL BONAMPAK Cancun"
"2","Cancun","Cancun","Cancun Centro","Hotel Caribe Internacional Cancun"
"2","Cancun","Cancun","Cancun Centro","Hotel Carrillos Cancun"
"2","Cancun","Cancun","Cancun Centro","Hotel City Express Junior Cancun"
"2","Cancun","Cancun","Cancun Centro","Hotel Hacienda De Castilla Cancun "
"2","Cancun","Cancun","Cancun Centro","Hotel Horizontes Cancun"
"2","Cancun","Cancun","Cancun Centro","Hotel Ibis Cancun Centro"
"2","Cancun","Cancun","Cancun Centro","Hotel los girasoles cancun centro"
"2","Cancun","Cancun","Cancun Centro","Hotel One Cancun"
"2","Cancun","Cancun","Cancun Centro","Hotel Plaza Caribe Cancun"
"2","Cancun","Cancun","Cancun Centro","Hotel Plaza Kokai Cancun"
"2","Cancun","Cancun","Cancun Centro","Hotel Rivemar Cancun"
"2","Cancun","Cancun","Cancun Centro","Hotel Soberanis Cancun"
"2","Cancun","Cancun","Cancun Centro","Hotel Terra Caribe Cancun "
"2","Cancun","Cancun","Cancun Centro","Kavia Cancun"
"2","Cancun","Cancun","Cancun Centro","Kin Mayab Cancun"
"2","Cancun","Cancun","Cancun Centro","Krystal Urban Cancun"
"2","Cancun","Cancun","Cancun Centro","La Amada Residences Cancun"
"2","Cancun","Cancun","Cancun Centro","Marazul Hotel Boutique Yacht & Beach Club"
"2","Cancun","Cancun","Cancun Centro","Maya Cha'an Hostel Cancun"
"2","Cancun","Cancun","Cancun Centro","Mezcal Hostel Cancun"
"2","Cancun","Cancun","Cancun Centro","Mundo Joven Hostel Cancun"
"2","Cancun","Cancun","Cancun Centro","Nomads Hotel"
"2","Cancun","Cancun","Cancun Centro","Oasis Smart Cancun"
"2","Cancun","Cancun","Cancun Centro","Oh! The Urban Oasis Cancun"
"2","Cancun","Cancun","Cancun Centro","Pa Xa Mama Hotel Boutique"
"2","Cancun","Cancun","Cancun Centro","Pueblito Hostel Cancun"
"2","Cancun","Cancun","Cancun Centro","Ramada Cancun City Cancun"
"2","Cancun","Cancun","Cancun Centro","Renaissance Cancun Resort & Marina"
"2","Cancun","Cancun","Cancun Centro","Selina Cancun Downtown"
"2","Cancun","Cancun","Cancun Centro","Solo Buceo Cancun"
"2","Cancun","Cancun","Cancun Centro","Spacio Nube"
"2","Cancun","Cancun","Cancun Centro","Suites Gaby Cancun"
"2","Cancun","Cancun","Cancun Centro","Suites Malecon Cancun"
"2","Cancun","Cancun","Cancun Centro","Suites Rosas Cancun"
"2","Cancun","Cancun","Cancun Centro","Sunscape Star Cancun All Inclusive"
"2","Cancun","Cancun","Cancun Centro","Taina Residencial Cancun"
"2","Cancun","Cancun","Cancun Centro","The Tierra Caribe Hotel Cancun"
"2","Cancun","Cancun","Cancun Centro","Ticuch Melida Plaza"
"2","Cancun","Cancun","Cancun Centro","Tulipanes Cancun"
"2","Cancun","Cancun","Cancun Centro","Vacation Rentals Condos at Horizontes Cancun & Tziara Sky"
"2","Cancun","Cancun","Cancun Centro","Villa Romantica Cancun"
"2","Cancun","Cancun","Cancun Centro","Villas Miramar "
"3","Cancun","Cancun","Playa Mujeres","All Ritmo Cancun "
"3","Cancun","Cancun","Playa Mujeres","Casa Mexicana cancun"
"3","Cancun","Cancun","Playa Mujeres","Dreams Playa Mujeres"
"3","Cancun","Cancun","Playa Mujeres","Estudio Playa Mujeres"
"3","Cancun","Cancun","Playa Mujeres","Excellence Playa Mujeres"
"3","Cancun","Cancun","Playa Mujeres","Finest Playa Mujeres"
"3","Cancun","Cancun","Playa Mujeres","Hostal Haina Cancun"
"3","Cancun","Cancun","Playa Mujeres","Hostel Quetzal Cancun "
"3","Cancun","Cancun","Playa Mujeres","Hotel Atelier Playa Mujeres"
"3","Cancun","Cancun","Playa Mujeres","Hotel Boutique Casa Mallorca Cancun"
"3","Cancun","Cancun","Playa Mujeres","Hotel Del Sol Puerto Juarez"
"3","Cancun","Cancun","Playa Mujeres","LQ Hotel by La Quinta Cancun"
"3","Cancun","Cancun","Playa Mujeres","Mayampe Private Village"
"3","Cancun","Cancun","Playa Mujeres","Parador Hotel Cancun"
"3","Cancun","Cancun","Playa Mujeres","Private Destination Playa Mujeres"
"3","Cancun","Cancun","Playa Mujeres","Secrets Playa Mujeres"
"3","Cancun","Cancun","Playa Mujeres","The Beloved Hotel - Playa Mujeres"
"3","Cancun","Cancun","Playa Mujeres","Villa Del Palmar - Playa Mujeres "
"3","Cancun","Cancun","Playa Mujeres","Villa Estilo Mexicano Cancun"
"3","Cancun","Cancun","Playa Mujeres","Xbalanque Hotel & Spa Cancun"
"3","Cancun","Cancun","Playa Mujeres","Xoximilco Park"
"4","Cancun","Cancun","Isla Blanca","Hotel Planet Hollywood"
"4","Cancun","Cancun","Isla Blanca","Majestic Elegance Playa Mujeres"
"4","Cancun","Cancun","Isla Blanca","Palladium Costa Mujeres"
"4","Cancun","Cancun","Isla Blanca","Private Destination Isla Blanca"
"4","Cancun","Cancun","Isla Blanca","Riu Dunamar"
"4","Cancun","Cancun","Isla Blanca","Riu Dunamar Playa Mujeres"
"4","Cancun","Cancun","Isla Blanca","Riu Palace Costa Mujeres"
"4","Cancun","Cancun","Isla Blanca","TRS Coral Hotel"
"4","Cancun","Cancun","Isla Blanca","TRS Costa Mujeres"
"4","Cancun","Cancun","Isla Blanca","Catalonia Costa Mujeres"
"5","Cancun","Cancun","Puerto Morelos","Abbey del Sol"
"5","Cancun","Cancun","Puerto Morelos","Acamaya Reef Cabanas Puerto Morelos"
"5","Cancun","Cancun","Puerto Morelos","Arena Beach Club Hotel Puerto Morelos"
"5","Cancun","Cancun","Puerto Morelos","Arrecifes Suites Puerto Morelos"
"5","Cancun","Cancun","Puerto Morelos","Azul Beach Hotel By Karisma Puerto Morelos"
"5","Cancun","Cancun","Puerto Morelos","Azul Beach Resort Riviera Cancun - Sensatori"
"5","Cancun","Cancun","Puerto Morelos","Azul Beach Resort Riviera Cancun - Sensatori (Puerto Morelos)"
"5","Cancun","Cancun","Puerto Morelos","Azul Beach Resort Riviera Maya by Karisma Hotels (Puerto Morelos)"
"5","Cancun","Cancun","Puerto Morelos","Azul Mar Puerto Morelos"
"5","Cancun","Cancun","Puerto Morelos","Breathless Riviera Cancun Puerto Morelos"
"5","Cancun","Cancun","Puerto Morelos","Cabañas Puerto Morelos"
"5","Cancun","Cancun","Puerto Morelos","Caribbean Reef Villas Puerto Morelos"
"5","Cancun","Cancun","Puerto Morelos","Casa Alegria Puerto Morelos"
"5","Cancun","Cancun","Puerto Morelos","Casa Caribbean Breeze Puerto Morelos"
"5","Cancun","Cancun","Puerto Morelos","Casa Caribe Puerto Morelos"
"5","Cancun","Cancun","Puerto Morelos","Casa del Mar - Puerto Morelos"
"5","Cancun","Cancun","Puerto Morelos","Casa del Puerto"
"5","Cancun","Cancun","Puerto Morelos","Casa Mulder Puerto Morelos"
"5","Cancun","Cancun","Puerto Morelos","Casa South Breeze by SkyRun Rivera Maya Puerto Morelos"
"5","Cancun","Cancun","Puerto Morelos","Casa Toucan Puerto Morelos"
"5","Cancun","Cancun","Puerto Morelos","Casa Velero Puerto Morelos"
"5","Cancun","Cancun","Puerto Morelos","Casita Blanca Puerto Morelos"
"5","Cancun","Cancun","Puerto Morelos","Casita Del Mar"
"5","Cancun","Cancun","Puerto Morelos","Casitas Kinsol-Guest House-Hostel Puerto Morelos"
"5","Cancun","Cancun","Puerto Morelos","Ceiba Del Mar Spa Resort"
"5","Cancun","Cancun","Puerto Morelos","Condo Hopelchen"
"5","Cancun","Cancun","Puerto Morelos","Condominios lindos Puerto Morelos"
"5","Cancun","Cancun","Puerto Morelos","Corales Suites Puerto Morelos"
"5","Cancun","Cancun","Puerto Morelos","Desire Riviera Maya Pearl Resort Puerto Morelos"
"5","Cancun","Cancun","Puerto Morelos","Desire Riviera Maya Resort Puerto Morelos"
"5","Cancun","Cancun","Puerto Morelos","Dreams Riviera Cancun Resort & Spa Puerto Morelos"
"5","Cancun","Cancun","Puerto Morelos","El Cid Marina Riviera Maya"
"5","Cancun","Cancun","Puerto Morelos",
"5","Cancun","Cancun","Puerto Morelos","Excellence Riviera Cancun Puerto Morelos"
"5","Cancun","Cancun","Puerto Morelos","Grand Residences Riviera Cancun"
"5","Cancun","Cancun","Puerto Morelos","Haven Riviera Cancún"
"5","Cancun","Cancun","Puerto Morelos","Hideaway At Royalton Riviera Cancun Puerto Morelos"
"5","Cancun","Cancun","Puerto Morelos","Hostel Humanity Puerto Morelos"
"5","Cancun","Cancun","Puerto Morelos","Hotel Amar Inn Puerto Morelos"
"5","Cancun","Cancun","Puerto Morelos","Hotel Balanca Puerto Morelos"
"5","Cancun","Cancun","Puerto Morelos","Hotel Caracol Puerto - Puerto Morelos"
"5","Cancun","Cancun","Puerto Morelos","Hotel Dos Naciones Puerto Morelos"
"5","Cancun","Cancun","Puerto Morelos","Hotel Eden Puerto Morelos"
"5","Cancun","Cancun","Puerto Morelos","Hotel Gota de Sal"
"5","Cancun","Cancun","Puerto Morelos","Hotel Hacienda Morelos Puerto Morelos"
"5","Cancun","Cancun","Puerto Morelos","Hotel Marina El Cid Spa & Beach Resort Puerto Morelos"
"5","Cancun","Cancun","Puerto Morelos","Hotel Ojo De Agua Puerto Morelos"
"5","Cancun","Cancun","Puerto Morelos","Isla Blanca"
"5","Cancun","Cancun","Puerto Morelos","La Casa de Serenidad Puerto Morelos"
"5","Cancun","Cancun","Puerto Morelos","Marina Hacienda del Mar"
"5","Cancun","Cancun","Puerto Morelos","Mayan Riviera Properties"
"5","Cancun","Cancun","Puerto Morelos","Moonlight Condos Puerto Morelos"
"5","Cancun","Cancun","Puerto Morelos","Now Jade Riviera Cancun Puerto Morelos"
"5","Cancun","Cancun","Puerto Morelos","Now Natura Riviera Cancun Puerto Morelos"
"5","Cancun","Cancun","Puerto Morelos","Now Sapphire Riviera Cancun Puerto Morelos"
"5","Cancun","Cancun","Puerto Morelos","Ocean Coral & Turquesa Puerto Morelos"
"5","Cancun","Cancun","Puerto Morelos","Ocean Homes Puerto Morelos"
"5","Cancun","Cancun","Puerto Morelos","Paradisus Riviera Cancun Puerto Morelos"
"5","Cancun","Cancun","Puerto Morelos","Paraíso De La Bonita Resort & Thalasso"
"5","Cancun","Cancun","Puerto Morelos","Posada Amor Puerto Morelos"
"5","Cancun","Cancun","Puerto Morelos","Posada El Moro Puerto Morelos"
"5","Cancun","Cancun","Puerto Morelos","Private Destination Puerto Morelos"
"5","Cancun","Cancun","Puerto Morelos","Rancho Sak-OI Puerto Morelos"
"5","Cancun","Cancun","Puerto Morelos","Royalton Riviera Cancun Resorts & Spa Puerto Morelos"
"5","Cancun","Cancun","Puerto Morelos","Secrets Excellence"
"5","Cancun","Cancun","Puerto Morelos","Secrets Silversands Riviera Cancun"
"5","Cancun","Cancun","Puerto Morelos","Suites Stella Marina Puerto Morelos"
"5","Cancun","Cancun","Puerto Morelos","The Little Mexican Cooking School Puerto Morelos"
"5","Cancun","Cancun","Puerto Morelos","Uncle Hugo's Puerto Morelos"
"5","Cancun","Cancun","Puerto Morelos","Velas Condos puerto morelos"
"5","Cancun","Cancun","Puerto Morelos","Ventus at Marina El Cid Spa & Beach Resort"
"5","Cancun","Cancun","Puerto Morelos","Villa Shanti Puerto Morelos"
"5","Cancun","Cancun","Puerto Morelos","Villa Sirenas Puerto Morelos"
"5","Cancun","Cancun","Puerto Morelos","Villas Clarita Puerto Morelos"
"5","Cancun","Cancun","Puerto Morelos","Villas Latinas"
"5","Cancun","Cancun","Puerto Morelos","Villas Playasol"
"5","Cancun","Cancun","Puerto Morelos","Villas Valentina Puerto Morelos"
"5","Cancun","Cancun","Puerto Morelos","Zoetry Parariso De La Bonita Puerto Morelos"
"6","Cancun","Cancun","Playa Paraiso","Acacia Playa Del Carmen"
"6","Cancun","Cancun","Playa Paraiso","Amarte Maroma"
"6","Cancun","Cancun","Playa Paraiso","Artisan The Handmade Hotel Collection Playa Del Carmen"
"6","Cancun","Cancun","Playa Paraiso","Belmond Maroma Resort & Spa Playa Del Carmen"
"6","Cancun","Cancun","Playa Paraiso","Casa Chanty Beach Front"
"6","Cancun","Cancun","Playa Paraiso","Casitas Royale"
"6","Cancun","Cancun","Playa Paraiso","Catalonia Maroma"
"6","Cancun","Cancun","Playa Paraiso","Catalonia Playa Maroma Playa Del Carmen"
"6","Cancun","Cancun","Playa Paraiso","Catalonia Priveleged Maroma"
"6","Cancun","Cancun","Playa Paraiso","Chable Maroma"
"6","Cancun","Cancun","Playa Paraiso","Domicilio Particular Zona PLP"
"6","Cancun","Cancun","Playa Paraiso","El Dorado Casitas Royale Playa Del Carmen"
"6","Cancun","Cancun","Playa Paraiso","El Dorado Maroma Playa Del Carmen"
"6","Cancun","Cancun","Playa Paraiso","El Dorado Royale Playa Del Carmen"
"6","Cancun","Cancun","Playa Paraiso","Generations Riviera Maya"
"6","Cancun","Cancun","Playa Paraiso","Grand Luxxe Riviera Maya Playa Del Carmen"
"6","Cancun","Cancun","Playa Paraiso","Grand Mayan Palace"
"6","Cancun","Cancun","Playa Paraiso","Hacienda del Secreto Playa del Secreto"
"6","Cancun","Cancun","Playa Paraiso","Hotel Amarte"
"6","Cancun","Cancun","Playa Paraiso","Iberostar Grand Paraiso"
"6","Cancun","Cancun","Playa Paraiso","Iberostar Paraiso Beach Playa Del Carmen"
"6","Cancun","Cancun","Playa Paraiso","Iberostar Paraiso Del Mar Playa Del Carmen"
"6","Cancun","Cancun","Playa Paraiso","Iberostar Paraiso Lindo Playa Del Carmen"
"6","Cancun","Cancun","Playa Paraiso","Iberostar Paraiso Maya Playa Del Carmen"
"6","Cancun","Cancun","Playa Paraiso","La Cabaña de Playa del Secreto"
"6","Cancun","Cancun","Playa Paraiso","Maroma Resort"
"6","Cancun","Cancun","Playa Paraiso","Maroma Resort & Spa"
"6","Cancun","Cancun","Playa Paraiso","Mayan Palace Playa Del Carmen"
"6","Cancun","Cancun","Playa Paraiso","Ocean Breeze"
"6","Cancun","Cancun","Playa Paraiso","Playa del Secreto"
"6","Cancun","Cancun","Playa Paraiso","Playa Maroma"
"6","Cancun","Cancun","Playa Paraiso","Playa Paraiso"
"6","Cancun","Cancun","Playa Paraiso","Private Destination Playa Paraiso"
"6","Cancun","Cancun","Playa Paraiso","Secret Beach Villa"
"6","Cancun","Cancun","Playa Paraiso","Secreto House"
"6","Cancun","Cancun","Playa Paraiso","Secrets Maroma Beach Playa Del Carmen"
"6","Cancun","Cancun","Playa Paraiso","Senses Riviera Maya By Artisan"
"6","Cancun","Cancun","Playa Paraiso","Teatre Cirque Du Solei"
"6","Cancun","Cancun","Playa Paraiso","The Bliss Resort"
"6","Cancun","Cancun","Playa Paraiso","The Bliss Riviera Maya Playa Del Carmen"
"6","Cancun","Cancun","Playa Paraiso","The Fifth Secret"
"6","Cancun","Cancun","Playa Paraiso","The Grand Bliss Riviera Maya"
"6","Cancun","Cancun","Playa Paraiso","The Grand Mayan"
"6","Cancun","Cancun","Playa Paraiso","The Grand Mayan Playa del Carmen"
"6","Cancun","Cancun","Playa Paraiso","The Grand Mayan Riviera Maya Playa Del Carmen"
"6","Cancun","Cancun","Playa Paraiso","Valentin Imperial Maya "
"6","Cancun","Cancun","Playa Paraiso","Vidanta Riviera Maya"
"6","Cancun","Cancun","Playa Paraiso","Villa Casa Tortuga Playa del Secreto (Hacienda del Secreto)"
"6","Cancun","Cancun","Playa Paraiso","Villa Du Soleil"
"6","Cancun","Cancun","Playa Paraiso","Villa Kaak Naab"
"6","Cancun","Cancun","Playa Paraiso","Villa la Gran Tortuga"
"6","Cancun","Cancun","Playa Paraiso","Villa Sol y Luna Playa Del Secreto"
"6","Cancun","Cancun","Playa Paraiso","Villa Tortuga Playa del Secreto"
"7","Cancun","Cancun","Norte  Playa del Carmen","Azul Beach Resort The Fives Playa del Carmen"
"7","Cancun","Cancun","Norte  Playa del Carmen","Banyan Tree Mayakoba Playa Del Carmen"
"7","Cancun","Cancun","Norte  Playa del Carmen","Blue Bay Grand Esmeralda Playa Del Carmen"
"7","Cancun","Cancun","Norte  Playa del Carmen","Club El Mandarin Playa Del Carmen"
"7","Cancun","Cancun","Norte  Playa del Carmen","Fairmont Mayakoba Playa Del Carmen"
"7","Cancun","Cancun","Norte  Playa del Carmen","Grand Riviera Princess Playa Del Carmen"
"7","Cancun","Cancun","Norte  Playa del Carmen","Grand Sunset Princess Playa Del Carmen"
"7","Cancun","Cancun","Norte  Playa del Carmen","Grand Velas Riviera Maya Playa Del Carmen"
"7","Cancun","Cancun","Norte  Playa del Carmen","Hacienda Tres Rios Playa Del Carmen"
"7","Cancun","Cancun","Norte  Playa del Carmen","Hotel Blue Diamond Riviera Maya Playa Del Carmen"
"7","Cancun","Cancun","Norte  Playa del Carmen","Itaka Glamping Playa Del Carmen"
"7","Cancun","Cancun","Norte  Playa del Carmen","Le Reve Hotel & Spa Playa Del Carmen"
"7","Cancun","Cancun","Norte  Playa del Carmen","Marea Azul Apartments Playa del Carmen"
"7","Cancun","Cancun","Norte  Playa del Carmen","Nick Price Residences"
"7","Cancun","Cancun","Norte  Playa del Carmen","Nick Price Residences"
"7","Cancun","Cancun","Norte  Playa del Carmen","Ocean Maya Royale Playa Del Carmen"
"7","Cancun","Cancun","Norte  Playa del Carmen","Ocean Riviera Paradise"
"7","Cancun","Cancun","Norte  Playa del Carmen","Petit Lafitte Hotel Playa Del Carmen"
"7","Cancun","Cancun","Norte  Playa del Carmen","Platinum Yucatan Princess Playa Del Carmen"
"7","Cancun","Cancun","Norte  Playa del Carmen","Pure Mareazul Riviera Maya Playa Del Carmen"
"7","Cancun","Cancun","Norte  Playa del Carmen","Residencial Selvamar"
"7","Cancun","Cancun","Norte  Playa del Carmen","Rosewood Mayakoba Playa Del Carmen"
"7","Cancun","Cancun","Norte  Playa del Carmen","Royal Haciendas "
"7","Cancun","Cancun","Norte  Playa del Carmen","Royal Haciendas "
"7","Cancun","Cancun","Norte  Playa del Carmen","Sandos Caracol Eco Resort Playa Del Carmen"
"7","Cancun","Cancun","Norte  Playa del Carmen","Secrets Capri Riviera Cancun Playa Del Carmen"
"7","Cancun","Cancun","Norte  Playa del Carmen","The Fives Azul Beach Resort Playa Del Carmen, by Karisma"
"7","Cancun","Cancun","Norte  Playa del Carmen","The Fives Beach Hotel & Residences"
"7","Cancun","Cancun","Norte  Playa del Carmen","Viceroy Riviera Maya Playa Del Carmen"
"8","Cancun","Cancun","Playa del Carmen","5th avenue - Playa Del Carmen"
"8","Cancun","Cancun","Playa del Carmen","5th Avenue Hotel - Playa del Carmen"
"8","Cancun","Cancun","Playa del Carmen","5th Coral Suites"
"8","Cancun","Cancun","Playa del Carmen","770 Hotel Boutique"
"8","Cancun","Cancun","Playa del Carmen","Acanto Boutique Hotel Playa Del Carmen"
"8","Cancun","Cancun","Playa del Carmen","Adelia Maria"
"8","Cancun","Cancun","Playa del Carmen","Albatros Royale Playa Del Carmen"
"8","Cancun","Cancun","Playa del Carmen","Aldea Thai Luxury Condo Hotel Playa Del Carmen"
"8","Cancun","Cancun","Playa del Carmen","Alejari"
"8","Cancun","Cancun","Playa del Carmen","Allegro Playacar"
"8","Cancun","Cancun","Playa del Carmen","Allegro Playacar Resort Playa Del Carmen"
"8","Cancun","Cancun","Playa del Carmen","Alux Playa - Playa Del Carmen"
"8","Cancun","Cancun","Playa del Carmen","Anah Suites Playa del Carmen"
"8","Cancun","Cancun","Playa del Carmen","Angelos Hotel"
"8","Cancun","Cancun","Playa del Carmen","Antera Hotel & Residences Playa del Carmen"
"8","Cancun","Cancun","Playa del Carmen","Apart Hotel Casaejido "
"8","Cancun","Cancun","Playa del Carmen","Aventura Mexicana Hotel Playa Del Carmen"
"8","Cancun","Cancun","Playa del Carmen","B&B SiPlaya Playa Del Carmen"
"8","Cancun","Cancun","Playa del Carmen","Bambu Suites Playa del Carmen"
"8","Cancun","Cancun","Playa del Carmen","Básico"
"8","Cancun","Cancun","Playa del Carmen","Black Shell Vacation Playa del Carmen"
"8","Cancun","Cancun","Playa del Carmen","Bloom exclusive boutique b&b Playa del Carmen"
"8","Cancun","Cancun","Playa del Carmen","blue bay"
"8","Cancun","Cancun","Playa del Carmen","Blue Palms Suites"
"8","Cancun","Cancun","Playa del Carmen","Blue Parrot Playa Del Carmen"
"8","Cancun","Cancun","Playa del Carmen","BlueBay Grand Esmeralda Playa del Carmen"
"8","Cancun","Cancun","Playa del Carmen","Bosque de los Aluxes"
"8","Cancun","Cancun","Playa del Carmen","Bric Hotel & Spa Playa Del Carmen"
"8","Cancun","Cancun","Playa del Carmen","Cache Hotel Boutique"
"8","Cancun","Cancun","Playa del Carmen","Caribbean Paradise Playa Del Carmen"
"8","Cancun","Cancun","Playa del Carmen","Carmen Inn"
"8","Cancun","Cancun","Playa del Carmen","Casa Bella Vida Playa Del Carmen"
"8","Cancun","Cancun","Playa del Carmen","Casa del mar penthouse el cielo"
"8","Cancun","Cancun","Playa del Carmen","Casa Del Mar Playa Del Carmen"
"8","Cancun","Cancun","Playa del Carmen","Casa Fausta Playa del Carmen"
"8","Cancun","Cancun","Playa del Carmen","Casa Felicidad B&B Playa Del Carmen"
"8","Cancun","Cancun","Playa del Carmen","Casa Freud Playa Del Carmen"
"8","Cancun","Cancun","Playa del Carmen","Casa La Galeria Playa Del Carmen"
"8","Cancun","Cancun","Playa del Carmen","Casa Miramar Playa Del Carmen"
"8","Cancun","Cancun","Playa del Carmen","Casa Moskito Playacar"
"8","Cancun","Cancun","Playa del Carmen","Casa Seloa Playa del Carmen"
"8","Cancun","Cancun","Playa del Carmen","Casa Tucan Playa Del Carmen"
"8","Cancun","Cancun","Playa del Carmen","Casa Villa Caribe Playa Del Carmen"
"8","Cancun","Cancun","Playa del Carmen","Cielo Hotel Playa del Carmen"
"8","Cancun","Cancun","Playa del Carmen","Club El Caracol Village"
"8","Cancun","Cancun","Playa del Carmen","Club Yebo Hotel Playa Del Carmen"
"8","Cancun","Cancun","Playa del Carmen","Coco Rio Hotel Playa Del Carmen"
"8","Cancun","Cancun","Playa del Carmen","Cocos Cabañas Hotel & Restaurant Playa del Carmen"
"8","Cancun","Cancun","Playa del Carmen","Condo 5:28"
"8","Cancun","Cancun","Playa del Carmen","Condo Hotels Playa Del Carmen"
"8","Cancun","Cancun","Playa del Carmen","Condominio Palancar -Playa Del Carmen"
"8","Cancun","Cancun","Playa del Carmen","Condominio Romanina - Playa del Carmen"
"8","Cancun","Cancun","Playa del Carmen","Condominios Playa Inn"
"8","Cancun","Cancun","Playa del Carmen","Condomino Akab Playa Del Carmen"
"8","Cancun","Cancun","Playa del Carmen","Condotel El Tukan"
"8","Cancun","Cancun","Playa del Carmen","Copa Cabaña"
"8","Cancun","Cancun","Playa del Carmen","Coral Blue Beach Condo Hotel Playa Del Carmen"
"8","Cancun","Cancun","Playa del Carmen","Cozumel, Ultramar Ferry, Playa del Carmen"
"8","Cancun","Cancun","Playa del Carmen","Cruz con Mar Condos Playa del Carmen"
"8","Cancun","Cancun","Playa del Carmen","Da Gabi Hotel Playa Del Carmen"
"8","Cancun","Cancun","Playa del Carmen","Del Carmen Hotel"
"8","Cancun","Cancun","Playa del Carmen","Deseo"
"8","Cancun","Cancun","Playa del Carmen","Deva Luxury Condominiums Playa del Carmen"
"8","Cancun","Cancun","Playa del Carmen","Dolce caribe Xcaret"
"8","Cancun","Cancun","Playa del Carmen","Don Emilione"
"8","Cancun","Cancun","Playa del Carmen","El Acuario Hotel - Playa del Carmen"
"8","Cancun","Cancun","Playa del Carmen","El Patio Hotel"
"8","Cancun","Cancun","Playa del Carmen","El Sol Del Caribe"
"8","Cancun","Cancun","Playa del Carmen","El Taj - Playa Del Carmen"
"8","Cancun","Cancun","Playa del Carmen","Encanto Riviera"
"8","Cancun","Cancun","Playa del Carmen","Encanto Riviera Playa del Carmen"
"8","Cancun","Cancun","Playa del Carmen","Enjoy Playa Hostel - Playa del Carmen"
"8","Cancun","Cancun","Playa del Carmen","Excel Sense Hotel Boutique Playa del Carmen"
"8","Cancun","Cancun","Playa del Carmen","Family Club at Grand Riviera Princess "
"8","Cancun","Cancun","Playa del Carmen","Fiesta Banana"
"8","Cancun","Cancun","Playa del Carmen","Fiesta Inn Playa del Carmen"
"8","Cancun","Cancun","Playa del Carmen","Fusion Beach Hotel Playa Del Carmen"
"8","Cancun","Cancun","Playa del Carmen","Gaviotas 2 Playa Del Carmen"
"8","Cancun","Cancun","Playa del Carmen","Gran Porto Resort Playa Del Carmen"
"8","Cancun","Cancun","Playa del Carmen","Grand Coco Bay"
"8","Cancun","Cancun","Playa del Carmen","Grand Coral Golf Riviera Maya"
"8","Cancun","Cancun","Playa del Carmen","Grand Fifty Suites Playa del Carmen"
"8","Cancun","Cancun","Playa del Carmen","Grand Flamenco Xcaret"
"8","Cancun","Cancun","Playa del Carmen","Grand Hyatt Playa Del Carmen"
"8","Cancun","Cancun","Playa del Carmen","Grand Riviera Princess"
"8","Cancun","Cancun","Playa del Carmen","H & A Playa Del Carmen"
"8","Cancun","Cancun","Playa del Carmen","Hacienda Maria Bonita Playa Del Carmen"
"8","Cancun","Cancun","Playa del Carmen","Hacienda Paradise Boutique Hotel Playa Del Carmen"
"8","Cancun","Cancun","Playa del Carmen","Hacienda Vista Real"
"8","Cancun","Cancun","Playa del Carmen","Hilton Playa Del Carmen"
"8","Cancun","Cancun","Playa del Carmen","Hilton Playa Del Carmen formerly The Royal Playa del Carmen"
"8","Cancun","Cancun","Playa del Carmen","Holiday Inn Express Playa Del Carmen"
"8","Cancun","Cancun","Playa del Carmen","Honey B Suites"
"8","Cancun","Cancun","Playa del Carmen","Horizonte 34 Playa del Carmen"
"8","Cancun","Cancun","Playa del Carmen","Hostal MX - Playa del Carmen"
"8","Cancun","Cancun","Playa del Carmen","Hostel 3B Playa del Carmen"
"8","Cancun","Cancun","Playa del Carmen","Hostel Che Playa del Carmen"
"8","Cancun","Cancun","Playa del Carmen","Hostel Quinta Playa - Playa Del Carmen"
"8","Cancun","Cancun","Playa del Carmen","HOTEL 52 PLAYA DEL CARMEN"
"8","Cancun","Cancun","Playa del Carmen","Hotel Alhambra Playa Del Carmen"
"8","Cancun","Cancun","Playa del Carmen","Hotel All Riviera Playa Del Carmen"
"8","Cancun","Cancun","Playa del Carmen","Hotel Aspira Playa del Carmen "
"8","Cancun","Cancun","Playa del Carmen","Hotel Balam Nah Playa Del Carmen"
"8","Cancun","Cancun","Playa del Carmen","Hotel Bananas Playa Del Carmen"
"8","Cancun","Cancun","Playa del Carmen","Hotel Barrio Latino Playa Del Carmen"
"8","Cancun","Cancun","Playa del Carmen","Hotel Basico"
"8","Cancun","Cancun","Playa del Carmen","Hotel Be Playa - Playa Del Carmen"
"8","Cancun","Cancun","Playa del Carmen","Hotel Casa De Las Flores Playa Del Carmen"
"8","Cancun","Cancun","Playa del Carmen","Hotel Casa Melisa Playa Del Carmen"
"8","Cancun","Cancun","Playa del Carmen","Hotel Casa Ticul - Playa del Carmen"
"8","Cancun","Cancun","Playa del Carmen","Hotel Cielo Playa del Carmen"
"8","Cancun","Cancun","Playa del Carmen","Hotel City Express Playa Del Carmen"
"8","Cancun","Cancun","Playa del Carmen","Hotel Colibri Beach Playa Del Carmen"
"8","Cancun","Cancun","Playa del Carmen","Hotel Corto Maltes Playa Del Carmen"
"8","Cancun","Cancun","Playa del Carmen","Hotel Costa Del Mar Playa Del Carmen"
"8","Cancun","Cancun","Playa del Carmen","Hotel Delfin Playa Del Carmen"
"8","Cancun","Cancun","Playa del Carmen","Hotel El Tukan Playa Del Carmen"
"8","Cancun","Cancun","Playa del Carmen","Hotel Eurostars Hacienda Vista Real - Playacar"
"8","Cancun","Cancun","Playa del Carmen","Hotel Fiesta Siesta Playa del Carmen"
"8","Cancun","Cancun","Playa del Carmen","Hotel Hacienda del Caribe"
"8","Cancun","Cancun","Playa del Carmen","Hotel Hacienda Real Del Caribe Playa Del Carmen"
"8","Cancun","Cancun","Playa del Carmen","Hotel HM Playa del Carmen"
"8","Cancun","Cancun","Playa del Carmen","Hotel Hulku Playa Del Carmen"
"8","Cancun","Cancun","Playa del Carmen","Hotel Kinbe Playa Del Carmen"
"8","Cancun","Cancun","Playa del Carmen","Hotel La Rana Cansada Playa Del Carmen"
"8","Cancun","Cancun","Playa del Carmen","Hotel La Semilla Playa Del Carmen"
"8","Cancun","Cancun","Playa del Carmen","Hotel Lab-Nah by Bunik"
"8","Cancun","Cancun","Playa del Carmen","Hotel Lunasol Playa Del Carmen"
"8","Cancun","Cancun","Playa del Carmen","Hotel Lunata Playa Del Carmen"
"8","Cancun","Cancun","Playa del Carmen","Hotel Maya del Carmen"
"8","Cancun","Cancun","Playa del Carmen","Hotel Maya Turquesa Playa del Carmen"
"8","Cancun","Cancun","Playa del Carmen","Hotel Molcas Playa Del Carmen"
"8","Cancun","Cancun","Playa del Carmen","Hotel Myko playa del carmen"
"8","Cancun","Cancun","Playa del Carmen","Hotel Pelicano Inn Playa Del Carmen"
"8","Cancun","Cancun","Playa del Carmen","Hotel Plaza Playa"
"8","Cancun","Cancun","Playa del Carmen","Hotel Posada Mariposa "
"8","Cancun","Cancun","Playa del Carmen","Hotel Quinta Margarita"
"8","Cancun","Cancun","Playa del Carmen","Hotel Real del Mayab Playa Del Carmen"
"8","Cancun","Cancun","Playa del Carmen","Hotel Reina Roja Playa Del Carmen"
"8","Cancun","Cancun","Playa del Carmen","Hotel Riu Lupita Playa Del Carmen"
"8","Cancun","Cancun","Playa del Carmen","Hotel Riu Lupita Playacar playa del carmen"
"8","Cancun","Cancun","Playa del Carmen","Hotel Riu Palace Riviera Maya Playa Del Carmen"
"8","Cancun","Cancun","Playa del Carmen","Hotel Riviera Caribe Maya "
"8","Cancun","Cancun","Playa del Carmen","Hotel San Vicente Playa del Carmen"
"8","Cancun","Cancun","Playa del Carmen","Hotel Sol Playa - Playa del Carmen"
"8","Cancun","Cancun","Playa del Carmen","Hotel Suite 24 Playa Del Carnen"
"8","Cancun","Cancun","Playa del Carmen","Hotel Tierra Maya Playa Del Carmen"
"8","Cancun","Cancun","Playa del Carmen","Hotel Tukan Playa Del Carmen"
"8","Cancun","Cancun","Playa del Carmen","Hotel Villa del Mar Playa del Carmen"
"8","Cancun","Cancun","Playa del Carmen","Hotel Wabi Playa del Carmen"
"8","Cancun","Cancun","Playa del Carmen","Hotel White Sand Playa Del Carmen"
"8","Cancun","Cancun","Playa del Carmen","Hotel Xcaret Mexico Playa Del Carmen"
"8","Cancun","Cancun","Playa del Carmen","Humble Bumble Hostel Playa del Carmen"
"8","Cancun","Cancun","Playa del Carmen","Iberostar Quetzal Playa Del Carmen"
"8","Cancun","Cancun","Playa del Carmen","Iberostar Tucan Playa Del Carmen"
"8","Cancun","Cancun","Playa del Carmen","Icono Playa Playa del Carmen"
"8","Cancun","Cancun","Playa del Carmen","Ikal Del Mar Playa Del Carmen"
"8","Cancun","Cancun","Playa del Carmen","Illusion Boutique Hotel Playa Del Carmen"
"8","Cancun","Cancun","Playa del Carmen","In Fashion Hotel Boutique"
"8","Cancun","Cancun","Playa del Carmen","Indigo Beach Club Playa Del Carmen"
"8","Cancun","Cancun","Playa del Carmen","Jungla Caribe"
"8","Cancun","Cancun","Playa del Carmen","KaiKaana Playa Del Carmen"
"8","Cancun","Cancun","Playa del Carmen","Koox caribbean paradise playa del carmen"
"8","Cancun","Cancun","Playa del Carmen","Koox Hotel Playa del Carmen"
"8","Cancun","Cancun","Playa del Carmen","Koox Studio 30 Hotel Playa Del Carmen"
"8","Cancun","Cancun","Playa del Carmen","La Coccinella Playa Del Carmen"
"8","Cancun","Cancun","Playa del Carmen","La Leyenda Boutique Hotel Playa del Carmen "
"8","Cancun","Cancun","Playa del Carmen","La Papaya 15 Playa Del Carmen"
"8","Cancun","Cancun","Playa del Carmen","La Pasion Hotel Boutique Playa Del Carmen"
"8","Cancun","Cancun","Playa del Carmen","La Playa Condo Playa del Carmen "
"8","Cancun","Cancun","Playa del Carmen","La Posada Del Capitán Lafitte"
"8","Cancun","Cancun","Playa del Carmen","La Tortuga Hotel & Spa Playa Del Carmen"
"8","Cancun","Cancun","Playa del Carmen","La Tortuga Y La Tortuguita"
"8","Cancun","Cancun","Playa del Carmen","Las Golondrinas Playa Del Carmen"
"8","Cancun","Cancun","Playa del Carmen","Las Olas Playa del Carmen"
"8","Cancun","Cancun","Playa del Carmen","Las Palapas"
"8","Cancun","Cancun","Playa del Carmen","Lilas del Mar Playa Del Carmen"
"8","Cancun","Cancun","Playa del Carmen","Live Aqua Boutique Resort Playa Del Carmen"
"8","Cancun","Cancun","Playa del Carmen","Los Itzaes Hotel Playa del Carmen"
"8","Cancun","Cancun","Playa del Carmen","Lotus by brick Playa del Carmen"
"8","Cancun","Cancun","Playa del Carmen","Luna Blue Hotel & Garden Playa del Carmen"
"8","Cancun","Cancun","Playa del Carmen","Luna Encantada Vacation Condos Playa Del Carmen"
"8","Cancun","Cancun","Playa del Carmen","Luna Maya Condos Playa Del Carmen"
"8","Cancun","Cancun","Playa del Carmen","Lunada Condo Hotel Playa Del Carmen"
"8","Cancun","Cancun","Playa del Carmen","Luxury 5th Avenue Menesse 32 "
"8","Cancun","Cancun","Playa del Carmen","Luxury House B’nB"
"8","Cancun","Cancun","Playa del Carmen","Magia beachside condo playa del carmen "
"8","Cancun","Cancun","Playa del Carmen","Magia Playa Playa Del Carmen"
"8","Cancun","Cancun","Playa del Carmen","Magic Blue Boutique Hotel Playa Del Carmen"
"8","Cancun","Cancun","Playa del Carmen","Magic Paradise"
"8","Cancun","Cancun","Playa del Carmen","Mahekal Beach Resort Playa Del Carmen"
"8","Cancun","Cancun","Playa del Carmen","Mamitas Beach Club Playa Del Carmen"
"8","Cancun","Cancun","Playa del Carmen","Mamitas Village Playa Del Carmen"
"8","Cancun","Cancun","Playa del Carmen","Mar H2O Playa del Carmen"
"8","Cancun","Cancun","Playa del Carmen","Maranatha Playa Del Carmen"
"8","Cancun","Cancun","Playa del Carmen","Marea 34 Playa Del Carmen"
"8","Cancun","Cancun","Playa del Carmen","Margaritas by HBM Playa Del Carmen"
"8","Cancun","Cancun","Playa del Carmen","Margaritas II Condos Playa del Carmen"
"8","Cancun","Cancun","Playa del Carmen","Maya Bric Hotel Playa Del Carmen"
"8","Cancun","Cancun","Playa del Carmen","Maya Villa Condo Hotel & Beachclub Playa Del Carmen"
"8","Cancun","Cancun","Playa del Carmen","Mayan Paradise"
"8","Cancun","Cancun","Playa del Carmen","Menesse Condo Quinta Mar-Playa Del Carmen"
"8","Cancun","Cancun","Playa del Carmen","Menesse on the Beach Playa del Carmen"
"8","Cancun","Cancun","Playa del Carmen","Meridian Playa del Carmen"
"8","Cancun","Cancun","Playa del Carmen","Mi Hotelito"
"8","Cancun","Cancun","Playa del Carmen","Mimi Del Mar Playa Del Carmen"
"8","Cancun","Cancun","Playa del Carmen","Mimosa Tree Condos Playa Del Carmen"
"8","Cancun","Cancun","Playa del Carmen","Moms Hotel Playa Del Carmen"
"8","Cancun","Cancun","Playa del Carmen","Moon Ha Condominiums Playa del Carmen"
"8","Cancun","Cancun","Playa del Carmen","Moongate Mayan Riviera Playa Del Carmen"
"8","Cancun","Cancun","Playa del Carmen","Mosquito Beach"
"8","Cancun","Cancun","Playa del Carmen","Mosquito Blue"
"8","Cancun","Cancun","Playa del Carmen","NASIM CONDO HOTEL Playa del Carmen "
"8","Cancun","Cancun","Playa del Carmen","Natz Ti Ha Condominiums"
"8","Cancun","Cancun","Playa del Carmen","Natz Ti Ha Playa Del Carmen"
"8","Cancun","Cancun","Playa del Carmen","Newport house playa design apartments"
"8","Cancun","Cancun","Playa del Carmen","Nolita Playa del Carmen"
"8","Cancun","Cancun","Playa del Carmen","Northstar"
"8","Cancun","Cancun","Playa del Carmen","Occidental Caribbean Village Playacar"
"8","Cancun","Cancun","Playa del Carmen","Occidental Grand Xcaret Playa Del Carmen"
"8","Cancun","Cancun","Playa del Carmen","Occidental Royal Hideaway & Spa Playacar"
"8","Cancun","Cancun","Playa del Carmen","Ocean Breeze"
"8","Cancun","Cancun","Playa del Carmen","Ocean Plaza Condos Playa del Carmen"
"8","Cancun","Cancun","Playa del Carmen","OCEANA RESIDENCES"
"8","Cancun","Cancun","Playa del Carmen","Om Hotel"
"8","Cancun","Cancun","Playa del Carmen","Opal Suites Playa del Carmen "
"8","Cancun","Cancun","Playa del Carmen","Palenque 27 Playacar"
"8","Cancun","Cancun","Playa del Carmen","Palmar del Sol Playa Del Carmen"
"8","Cancun","Cancun","Playa del Carmen","Palmares Condo Lving Playa Del Carmen"
"8","Cancun","Cancun","Playa del Carmen","Palmares Luxe Apartments"
"8","Cancun","Cancun","Playa del Carmen","Panama Jack Resorts Playa Del Carmen"
"8","Cancun","Cancun","Playa del Carmen","Paradise "
"8","Cancun","Cancun","Playa del Carmen","Paradisus La Esmeralda Playa Del Carmen"
"8","Cancun","Cancun","Playa del Carmen","Paradisus La Perla Playa Del Carmen"
"8","Cancun","Cancun","Playa del Carmen","Paseo Del Sol Playacar"
"8","Cancun","Cancun","Playa del Carmen","Pension San Juan"
"8","Cancun","Cancun","Playa del Carmen","Peregrina Playa Del Carmen"
"8","Cancun","Cancun","Playa del Carmen","Phantom Divers Playa del Carmen"
"8","Cancun","Cancun","Playa del Carmen","Plantation House Playa del Carmen"
"8","Cancun","Cancun","Playa del Carmen","Playa Maya Hotel Playa Del Carmen"
"8","Cancun","Cancun","Playa del Carmen","Playa Palms Beach Hotel Playa Del Carmen"
"8","Cancun","Cancun","Playa del Carmen","Playa Suites Hotel Playa Del Carmen"
"8","Cancun","Cancun","Playa del Carmen","Playa Xcanan Tulum (Boca Paila)"
"8","Cancun","Cancun","Playa del Carmen","Playacar Beach Properties Playa Del Carmen"
"8","Cancun","Cancun","Playa del Carmen","Playacar Palace Playa Del Carmen"
"8","Cancun","Cancun","Playa del Carmen","Plaza"
"8","Cancun","Cancun","Playa del Carmen","Plaza Mariachi"
"8","Cancun","Cancun","Playa del Carmen","Porto Playa Condo Hotel & Beachclub Playa Del Carmen"
"8","Cancun","Cancun","Playa del Carmen","Posada Las Ondinas"
"8","Cancun","Cancun","Playa del Carmen","Private Destination Playa del Carmen"
"8","Cancun","Cancun","Playa del Carmen","Pueblito Escondido Luxury Condohotel Playa Del Carmen"
"8","Cancun","Cancun","Playa del Carmen","Punta Estrella Playa del Carmen"
"8","Cancun","Cancun","Playa del Carmen","Quinto Sol"
"8","Cancun","Cancun","Playa del Carmen","Real Playa Carmen"
"8","Cancun","Cancun","Playa del Carmen","Real playacar"
"8","Cancun","Cancun","Playa del Carmen","Residences El Faro Playa Del Carmen"
"8","Cancun","Cancun","Playa del Carmen","Rinconada Del Sol Playa Del Carmen"
"8","Cancun","Cancun","Playa del Carmen","Río Secreto Playa del Carmen"
"8","Cancun","Cancun","Playa del Carmen","Riu Palace Mexico Playa Del Carmen"
"8","Cancun","Cancun","Playa del Carmen","Riu Palace Riviera Maya Playa Del Carmen"
"8","Cancun","Cancun","Playa del Carmen","Riu Playacar Playa Del Carmen"
"8","Cancun","Cancun","Playa del Carmen","Riu Tequila Playa Del Carmen"
"8","Cancun","Cancun","Playa del Carmen","Riu Yucatan Playa Del Carmen"
"8","Cancun","Cancun","Playa del Carmen","Riviera 5th Avenue Hotel Playa Del Carmen"
"8","Cancun","Cancun","Playa del Carmen","Riviera Del Sol Hotel Playa Del Carmen"
"8","Cancun","Cancun","Playa del Carmen","Riviera Maya Caribe"
"8","Cancun","Cancun","Playa del Carmen","Riviera Maya Suites Playa Del Carmen"
"8","Cancun","Cancun","Playa del Carmen","Royal Hideaway Playacar Resort Playa Del Carmen"
"8","Cancun","Cancun","Playa del Carmen","Royal Inn"
"8","Cancun","Cancun","Playa del Carmen","Royal Porto Real"
"8","Cancun","Cancun","Playa del Carmen","Sabbia Condos Playa Del Carmen"
"8","Cancun","Cancun","Playa del Carmen","Sahara Hotel Playa del Carmen"
"8","Cancun","Cancun","Playa del Carmen","San Angel"
"8","Cancun","Cancun","Playa del Carmen","San Pedro Condo Plaza Playa Del Carmen"
"8","Cancun","Cancun","Playa del Carmen","Sandos Caracol Beach Resort & Spa"
"8","Cancun","Cancun","Playa del Carmen","Sandos Gala Resort"
"8","Cancun","Cancun","Playa del Carmen","Sandos Playacar Beach Resort Playa Del Carmen"
"8","Cancun","Cancun","Playa del Carmen","Sasha Hotel Playa del Carmen"
"8","Cancun","Cancun","Playa del Carmen","SC Hotel Playa del Carmen"
"8","Cancun","Cancun","Playa del Carmen","Selina Playa del Carmen"
"8","Cancun","Cancun","Playa del Carmen","Senses Quinta Avenida By Artisan Hotel Collection"
"8","Cancun","Cancun","Playa del Carmen","Shangri-La caribe Beach Village Resort Playa Del Carmen"
"8","Cancun","Cancun","Playa del Carmen","Sian Kaan Posada"
"8","Cancun","Cancun","Playa del Carmen","siesta fiesta hotel"
"8","Cancun","Cancun","Playa del Carmen","SOHO Playa Hotel Playa Del Carmen"
"8","Cancun","Cancun","Playa del Carmen","Solea Condos Playa del Carmen"
"8","Cancun","Cancun","Playa del Carmen","Soul Beach Luxury Boutique Hotel & Spa Playa del Carmen"
"8","Cancun","Cancun","Playa del Carmen","Studio One Playa del Carmen"
"8","Cancun","Cancun","Playa del Carmen","sunrise42 hotel"
"8","Cancun","Cancun","Playa del Carmen","Sunset Fishermen Beach Resort Playa Del Carmen"
"8","Cancun","Cancun","Playa del Carmen","Sunset Princess"
"8","Cancun","Cancun","Playa del Carmen","The Carmen Hotel"
"8","Cancun","Cancun","Playa del Carmen","The Elements Playa Del Carmen"
"8","Cancun","Cancun","Playa del Carmen","The Fives Downtown Hotel & Residences Playa del Carmen"
"8","Cancun","Cancun","Playa del Carmen","The Hybrid Studios"
"8","Cancun","Cancun","Playa del Carmen","The Palm At Playa - Playa Del Carmen"
"8","Cancun","Cancun","Playa del Carmen","The Reef 28 Playa Del Carmen"
"8","Cancun","Cancun","Playa del Carmen","The Reef Coco Beach Playa Del Carmen"
"8","Cancun","Cancun","Playa del Carmen","The Reef Playacar"
"8","Cancun","Cancun","Playa del Carmen","The Royal Haciendas"
"8","Cancun","Cancun","Playa del Carmen","The Royal Palms Playa Del Carmen"
"8","Cancun","Cancun","Playa del Carmen","The Shore at 46th Hotel"
"8","Cancun","Cancun","Playa del Carmen","The St. Martin Boutique Hotel Playa Del Carmen"
"8","Cancun","Cancun","Playa del Carmen","The Yak Playa Del Carmen"
"8","Cancun","Cancun","Playa del Carmen","Thompson Beach House -Playa Del Carmen"
"8","Cancun","Cancun","Playa del Carmen","Thompson Hotel Playa Del Carmen"
"8","Cancun","Cancun","Playa del Carmen","Treetops Hotel Playa Del Carmen"
"8","Cancun","Cancun","Playa del Carmen","Tribeca Playa Del Carmen"
"8","Cancun","Cancun","Playa del Carmen","Unic Design Hotel"
"8","Cancun","Cancun","Playa del Carmen","V38 Luxe Apartments Playa Del Carmen"
"9","Cancun","Cancun","Puerto Aventuras","Aventura Spa Palace Puerto Aventuras"
"9","Cancun","Cancun","Puerto Aventuras","Aventuras Club Marina"
"9","Cancun","Cancun","Puerto Aventuras","Aventuras Club Marina Puerto Aventuras"
"9","Cancun","Cancun","Puerto Aventuras","Barcelo Maya Beach Puerto Aventuras"
"9","Cancun","Cancun","Puerto Aventuras","Barcelo Maya Caribe Puerto Aventuras"
"9","Cancun","Cancun","Puerto Aventuras","Barcelo Maya Colonial Puerto Aventuras"
"9","Cancun","Cancun","Puerto Aventuras","Barcelo Maya Palace Puerto Aventuras"
"9","Cancun","Cancun","Puerto Aventuras","Barcelo Maya Palace Resort"
"9","Cancun","Cancun","Puerto Aventuras","Barcelo Maya Riviera Puerto Aventuras"
"9","Cancun","Cancun","Puerto Aventuras","Barcelo Maya Tropical Puerto Aventuras"
"9","Cancun","Cancun","Puerto Aventuras","Bel Air Collection Xpu Ha Riviera Maya"
"9","Cancun","Cancun","Puerto Aventuras","Catalonia Riviera Maya Resort & Spa Puerto Aventuras"
"9","Cancun","Cancun","Puerto Aventuras","Catalonia Royal Tulum Puerto Aventuras"
"9","Cancun","Cancun","Puerto Aventuras","Catalonia Yucatan Beach Resort"
"9","Cancun","Cancun","Puerto Aventuras","Chac Hal Al Condos Puerto Aventuras"
"9","Cancun","Cancun","Puerto Aventuras","Condominio Quinta Luna - Puerto Aventuras"
"9","Cancun","Cancun","Puerto Aventuras","Condominios Marina San Carlos Puerto Aventuras"
"9","Cancun","Cancun","Puerto Aventuras","Coral Maya CondoHotel Puerto Aventuras"
"9","Cancun","Cancun","Puerto Aventuras","Coral Maya Turquesa Puerto Aventuras"
"9","Cancun","Cancun","Puerto Aventuras","Dreams Puerto Aventuras"
"9","Cancun","Cancun","Puerto Aventuras","El Dorado Seaside Suites Puerto Aventuras"
"9","Cancun","Cancun","Puerto Aventuras","Esmeralda Condo Puerto Aventuras"
"9","Cancun","Cancun","Puerto Aventuras","Gran Palladium"
"9","Cancun","Cancun","Puerto Aventuras","Grand Palladium Kantenah"
"9","Cancun","Cancun","Puerto Aventuras","Grand Palladium Riviera"
"9","Cancun","Cancun","Puerto Aventuras","Green Cinco Puerto Aventuras"
"9","Cancun","Cancun","Puerto Aventuras","Hacienda Corazon Puerto Aventuras"
"9","Cancun","Cancun","Puerto Aventuras","Hacienda Tamarika Condominiums in Puerto Aventuras"
"9","Cancun","Cancun","Puerto Aventuras","Happy Smile by the Dolphins Puerto Aventuras"
"9","Cancun","Cancun","Puerto Aventuras","Hard Rock Riviera Maya"
"9","Cancun","Cancun","Puerto Aventuras","Hidden Beach Resort Puerto Aventuras"
"9","Cancun","Cancun","Puerto Aventuras","Hotel Esencia Puerto Aventuras"
"9","Cancun","Cancun","Puerto Aventuras","Hotel La Mision Puerto Aventuras"
"9","Cancun","Cancun","Puerto Aventuras","LM Hotel Boutique Puerto Aventuras"
"9","Cancun","Cancun","Puerto Aventuras","Omni Puerto Aventuras"
"9","Cancun","Cancun","Puerto Aventuras","Paamul Hotel & Cabanas Puerto Aventuras"
"9","Cancun","Cancun","Puerto Aventuras","Palladium Colonial"
"9","Cancun","Cancun","Puerto Aventuras","Palladium Kantenah"
"9","Cancun","Cancun","Puerto Aventuras","Palladium White Sands"
"9","Cancun","Cancun","Puerto Aventuras","Palladium Yucatan"
"9","Cancun","Cancun","Puerto Aventuras","Porto Bello Prived Residence Club"
"9","Cancun","Cancun","Puerto Aventuras","Portofino Puerto Aventuras "
"9","Cancun","Cancun","Puerto Aventuras","Private Destination Puerto Aventuras"
"9","Cancun","Cancun","Puerto Aventuras","Pueblo Escondido Puerto Aventuras"
"9","Cancun","Cancun","Puerto Aventuras","Puerta Del Mar Ii"
"9","Cancun","Cancun","Puerto Aventuras","Quinta Del Sol Puerto Aventuras"
"9","Cancun","Cancun","Puerto Aventuras","Sensimar Seaside Suites"
"9","Cancun","Cancun","Puerto Aventuras","Serena & Spa"
"9","Cancun","Cancun","Puerto Aventuras","Serenity Eco Luxury Tented Camp"
"9","Cancun","Cancun","Puerto Aventuras","Sol Maya Rental"
"9","Cancun","Cancun","Puerto Aventuras","Sunscape Puerto Aventuras"
"9","Cancun","Cancun","Puerto Aventuras","The Royal Suites Yucatan By Palladium Puerto Aventuras"
"9","Cancun","Cancun","Puerto Aventuras","Villa Casa Del Agua Puerto Aventuras"
"9","Cancun","Cancun","Puerto Aventuras","Villa Del Caribe Puerto Aventuras"
"9","Cancun","Cancun","Puerto Aventuras","Villa Hacienda Del Mar Puerto Aventuras"
"9","Cancun","Cancun","Puerto Aventuras","Villa Miramar Puerto Aventuras"
"9","Cancun","Cancun","Puerto Aventuras","Villa Tortuga Vacation Rental"
"9","Cancun","Cancun","Puerto Aventuras","Villas del Mar 2, Puerto Aventuras"
"9","Cancun","Cancun","Puerto Aventuras","Villas Del Mar Puerto Aventuras"
"9","Cancun","Cancun","Puerto Aventuras","KASA Hotel Riviera Maya "
"10","Cancun","Cancun","Akumal","Akumal Bay Beach & Wellness Resort Akumal"
"10","Cancun","Cancun","Akumal","Akumal Del Sol Beachfront Hotel"
"10","Cancun","Cancun","Akumal","Be Live Grand Riviera Maya Hotel Akumal"
"10","Cancun","Cancun","Akumal","Blue Sky Hotel & Restaurant"
"10","Cancun","Cancun","Akumal","Cabañas Copal"
"10","Cancun","Cancun","Akumal","Del Sol Beachfront Condos and Hotel Akumal"
"10","Cancun","Cancun","Akumal","Grand Bahia Principe Akumal "
"10","Cancun","Cancun","Akumal","Grand Bahia Principe Coba "
"10","Cancun","Cancun","Akumal","Grand Bahia Principe Tulum "
"10","Cancun","Cancun","Akumal","Grand Oasis Tulum"
"10","Cancun","Cancun","Akumal","Grand Palladium Colonial Resort & Spa"
"10","Cancun","Cancun","Akumal","Grand Palladium Kantenah Resort & Spa"
"10","Cancun","Cancun","Akumal","Grand Palladium Riviera Resort & Spa"
"10","Cancun","Cancun","Akumal","Grand Palladium White Sand Resort & Spa"
"10","Cancun","Cancun","Akumal","Grand Sirenis Riviera Maya"
"10","Cancun","Cancun","Akumal","Hacienda De La Tortuga Akumal"
"10","Cancun","Cancun","Akumal","Hotel Akumal Caribe"
"10","Cancun","Cancun","Akumal","La Buena Vida Akumal"
"10","Cancun","Cancun","Akumal","La Sirena Akumal (Condominios)"
"10","Cancun","Cancun","Akumal","Las Casitas Akumal"
"10","Cancun","Cancun","Akumal","Las Villas Akumal"
"10","Cancun","Cancun","Akumal","Luna Azul Condos Akumal"
"10","Cancun","Cancun","Akumal","Luxury Bahia Principe Sian Kaan Tulum"
"10","Cancun","Cancun","Akumal","Playa Caribe Akumal"
"10","Cancun","Cancun","Akumal","Playa Caribe Condos Akumal"
"10","Cancun","Cancun","Akumal","Posada Del Agua y Fuego"
"10","Cancun","Cancun","Akumal","Private Destination Akumal"
"10","Cancun","Cancun","Akumal","Secrets Akumal"
"10","Cancun","Cancun","Akumal","Sunscape Akumal Beach Resorts & Spa"
"10","Cancun","Cancun","Akumal","TAO Wellness Center -Akumal"
"10","Cancun","Cancun","Akumal","The Reef Condominiums Akumal"
"10","Cancun","Cancun","Akumal","TRS Yucatan Hotel Palladium"
"10","Cancun","Cancun","Akumal","Unico 20 Riviera Maya"
"10","Cancun","Cancun","Akumal","Villa bellamar Akumal"
"10","Cancun","Cancun","Akumal","Villa Soliman"
"10","Cancun","Cancun","Akumal","Villas DeRosa Akumal"
"10","Cancun","Cancun","Akumal","Vista Del Mar Akumal"
"11","Cancun","Cancun","Tulum","Casa Carolina Tulum"
"11","Cancun","Cancun","Tulum","Casa Cenote Restaurant & Hotel Tulum"
"11","Cancun","Cancun","Tulum","Casa Che Tulum"
"11","Cancun","Cancun","Tulum","Casa Cielo Akumal Lote 15"
"11","Cancun","Cancun","Tulum","Casa de Cielo Akumal"
"11","Cancun","Cancun","Tulum","CASA DE LAS CONCHAS AKUMAL"
"11","Cancun","Cancun","Tulum","Casa de Risa Chemuyil"
"11","Cancun","Cancun","Tulum","Casa Del Corazon Soliman Bay"
"11","Cancun","Cancun","Tulum","Casa del Mar Tulum"
"11","Cancun","Cancun","Tulum","Casa Elda Tulum"
"11","Cancun","Cancun","Tulum","Casa Huuh Tulum"
"11","Cancun","Cancun","Tulum","Casa KanKin Tulum"
"11","Cancun","Cancun","Tulum","Casa Los Amigos Tulum"
"11","Cancun","Cancun","Tulum","Casa Mandala Tulum"
"11","Cancun","Cancun","Tulum","Casa Panga Tulum"
"11","Cancun","Cancun","Tulum","Casa Playa Maya Soliman Bay Akumal"
"11","Cancun","Cancun","Tulum","Casa Santiago Tulum"
"11","Cancun","Cancun","Tulum","Casa Tulum"
"11","Cancun","Cancun","Tulum","Casa Xixim Tulum"
"11","Cancun","Cancun","Tulum","Central Park Tulum"
"11","Cancun","Cancun","Tulum","ALOFT TULUM"
"11","Cancun","Cancun","Tulum","Club Akumal Caribe Villas Maya"
"11","Cancun","Cancun","Tulum","Club Maeva Tulum Resorts"
"11","Cancun","Cancun","Tulum","Coco Hacienda Tulum"
"11","Cancun","Cancun","Tulum","Coco Village Tulum"
"11","Cancun","Cancun","Tulum","Condo Hotel El Vivero Tulum"
"11","Cancun","Cancun","Tulum","Condohotel Romaya Tulum"
"11","Cancun","Cancun","Tulum","Condominios La Joya"
"11","Cancun","Cancun","Tulum","Condominios Playa Blanca"
"11","Cancun","Cancun","Tulum","Corazon de Jade Tulum"
"11","Cancun","Cancun","Tulum","Cuzan Guest House"
"11","Cancun","Cancun","Tulum","Don Diego De La Selva Tulum"
"11","Cancun","Cancun","Tulum","Dreams Tulum Resort & Spa"
"11","Cancun","Cancun","Tulum","El Cedro Tulum"
"11","Cancun","Cancun","Tulum","El Jardin De Frida Tulum"
"11","Cancun","Cancun","Tulum","El Zapote Tulum"
"11","Cancun","Cancun","Tulum","Elements Tulum Boutique Hotel"
"11","Cancun","Cancun","Tulum","Esencia - Tulum"
"11","Cancun","Cancun","Tulum","Freedom Paradise"
"11","Cancun","Cancun","Tulum","Gaia Hotel Tulum"
"11","Cancun","Cancun","Tulum","Ginger Tulum"
"11","Cancun","Cancun","Tulum","Harmony Glamping Tulum"
"11","Cancun","Cancun","Tulum","Holistika Tulum"
"11","Cancun","Cancun","Tulum","Hostal Cafe Cha Cha Cha Tulum"
"11","Cancun","Cancun","Tulum","Hostal Chalupa Tulum"
"11","Cancun","Cancun","Tulum","Hostal Nativos Tulum"
"11","Cancun","Cancun","Tulum","Hostel Che Babel Tulum"
"11","Cancun","Cancun","Tulum","Hostel Che Tulum"
"11","Cancun","Cancun","Tulum","Hotel Acuario Tulum"
"11","Cancun","Cancun","Tulum","Hotel Addy Tulum"
"11","Cancun","Cancun","Tulum","Hotel Andreas Tulum"
"11","Cancun","Cancun","Tulum","Hotel Biwa Tulum"
"11","Cancun","Cancun","Tulum","Hotel Cabanas Copal Tulum"
"11","Cancun","Cancun","Tulum","Hotel Casa Sofia Tulum"
"11","Cancun","Cancun","Tulum","Hotel Cielo Maya"
"11","Cancun","Cancun","Tulum","Hotel Kin Ha Tulum"
"11","Cancun","Cancun","Tulum","Hotel La Luna Gitana Tulum"
"11","Cancun","Cancun","Tulum","Hotel Latino Tulum"
"11","Cancun","Cancun","Tulum","Hotel Luna Maya Tulum"
"11","Cancun","Cancun","Tulum","Hotel Posada 06 Tulum"
"11","Cancun","Cancun","Tulum","Hotel Posada Luna Llena"
"11","Cancun","Cancun","Tulum","Hotel Sun Caribbean Dreams Tulum"
"11","Cancun","Cancun","Tulum","Hotel Uolis Nah Tulum"
"11","Cancun","Cancun","Tulum","Hotel Villa las Brisas Tulum"
"11","Cancun","Cancun","Tulum","Hotel Villas H2o Tulum"
"11","Cancun","Cancun","Tulum","Hotelito Tulum"
"11","Cancun","Cancun","Tulum","Howlita Tulum"
"11","Cancun","Cancun","Tulum","Humble Bumble Hostel"
"11","Cancun","Cancun","Tulum","Humble Bumble Tulum"
"11","Cancun","Cancun","Tulum","Intima Resort Tulum"
"11","Cancun","Cancun","Tulum","ITour Mexico"
"11","Cancun","Cancun","Tulum","Jashita Hotel Tulum"
"11","Cancun","Cancun","Tulum","Joy Tulum"
"11","Cancun","Cancun","Tulum","La Bahia"
"11","Cancun","Cancun","Tulum","La Coordenada Perfecta Tulum"
"11","Cancun","Cancun","Tulum","La Palmita Tulum"
"11","Cancun","Cancun","Tulum","la selva"
"11","Cancun","Cancun","Tulum","La Selva Mariposa - Tulum"
"11","Cancun","Cancun","Tulum","Las Ranitas Tulum"
"11","Cancun","Cancun","Tulum","Las Tres Palmas Hotel Tulum"
"11","Cancun","Cancun","Tulum","Live Tulum"
"11","Cancun","Cancun","Tulum","Lo Nuestro Petit Hotel Tulum"
"11","Cancun","Cancun","Tulum","Lol Ka'naab Akumal "
"11","Cancun","Cancun","Tulum","Los Amigos Condo Tulum"
"11","Cancun","Cancun","Tulum","Lucky Traveler Hostel All Inclusive Tulum"
"11","Cancun","Cancun","Tulum","Luz Tulum"
"11","Cancun","Cancun","Tulum","Lychee Tulum Hotel "
"11","Cancun","Cancun","Tulum","Maison Tulum Hotel"
"11","Cancun","Cancun","Tulum","Mak Nuk Village Tulum"
"11","Cancun","Cancun","Tulum","Mamas Home Tulum"
"11","Cancun","Cancun","Tulum","Mango Tulum Hotel"
"11","Cancun","Cancun","Tulum","Maya Cabañas & Cenote Tulum"
"11","Cancun","Cancun","Tulum","Maya Pax"
"11","Cancun","Cancun","Tulum","Mayan House Apartaments Tulum"
"11","Cancun","Cancun","Tulum","Mestizo Gallery Boutique Hotel Tulum"
"11","Cancun","Cancun","Tulum","Mun Tulum"
"11","Cancun","Cancun","Tulum","Nah Uxibal Vacation Rentals and Retreat"
"11","Cancun","Cancun","Tulum","Nahil Condos Akumal"
"11","Cancun","Cancun","Tulum","Oasis Tulum"
"11","Cancun","Cancun","Tulum","Oasis Tulum Lite"
"11","Cancun","Cancun","Tulum","O'Tulum"
"11","Cancun","Cancun","Tulum","Pacha Tulum"
"11","Cancun","Cancun","Tulum","Palms Tulum Luxury Hotel"
"11","Cancun","Cancun","Tulum","PavoReal Beach Resort Tulum"
"11","Cancun","Cancun","Tulum","Pesca Maya Fishing Lodge"
"11","Cancun","Cancun","Tulum","Playa Blanca Condo Akumal"
"11","Cancun","Cancun","Tulum","Playa Roca Tulum Camping"
"11","Cancun","Cancun","Tulum","Posada 06 Tulum"
"11","Cancun","Cancun","Tulum","Posada Ecologica 2 Ceiba"
"11","Cancun","Cancun","Tulum","Posada Giana Tulum"
"11","Cancun","Cancun","Tulum","Posada Gota de Sal Tulum "
"11","Cancun","Cancun","Tulum","Posada Los Mapaches Tulum"
"11","Cancun","Cancun","Tulum","Posada Que Onda"
"11","Cancun","Cancun","Tulum","Posada Yum Kin Hotel Tulum"
"11","Cancun","Cancun","Tulum","Prana Boutique Hotel Tulum"
"11","Cancun","Cancun","Tulum","Private Destination Tulum"
"11","Cancun","Cancun","Tulum","Que Onda Akumal"
"11","Cancun","Cancun","Tulum","Saasil Tulum"
"11","Cancun","Cancun","Tulum","Secret Garden Tulum"
"11","Cancun","Cancun","Tulum","Selva Madre Condos Tulum"
"11","Cancun","Cancun","Tulum","Siete Deseos Tulum"
"11","Cancun","Cancun","Tulum","Soho Hotel & Residences"
"11","Cancun","Cancun","Tulum","Soho Villas Tulum"
"11","Cancun","Cancun","Tulum","Suites La Iguana Y La Sirena"
"11","Cancun","Cancun","Tulum","Tankah & Villas Cabanas"
"11","Cancun","Cancun","Tulum","Tankah Inn Akumal"
"11","Cancun","Cancun","Tulum","Tao Ocean Akumal"
"11","Cancun","Cancun","Tulum","TAO Recidences Akumal"
"11","Cancun","Cancun","Tulum","Teetotum Hotel Tulum"
"11","Cancun","Cancun","Tulum","The Grand Lifestyle at Grand Oasis Tulum"
"11","Cancun","Cancun","Tulum","The Green House Tulum"
"11","Cancun","Cancun","Tulum","The Highline Tulum"
"11","Cancun","Cancun","Tulum","The Sian Kaan at Grand Tulum"
"11","Cancun","Cancun","Tulum","The Strabon Tulum"
"11","Cancun","Cancun","Tulum","Tubo Tulum Hostel "
"11","Cancun","Cancun","Tulum","Tulsayab Luxury Development"
"11","Cancun","Cancun","Tulum","Tulum Art Club"
"11","Cancun","Cancun","Tulum","Tulum Inn"
"11","Cancun","Cancun","Tulum","Tulum Nah Apartments"
"11","Cancun","Cancun","Tulum","Tulumbay Tulum"
"11","Cancun","Cancun","Tulum","Turquoise Petit Hotel Tulum"
"11","Cancun","Cancun","Tulum","T'Zunun Tulum Lifestyle Condos"
"11","Cancun","Cancun","Tulum","Una Vida Tulum"
"11","Cancun","Cancun","Tulum","Vanilla Tulum"
"11","Cancun","Cancun","Tulum","Villa Amara Tulum"
"11","Cancun","Cancun","Tulum","Villa Cherie Tulum"
"11","Cancun","Cancun","Tulum","Villa Mia Akumal"
"11","Cancun","Cancun","Tulum","Villa Soliman tulum"
"11","Cancun","Cancun","Tulum","Villas Akalan Tulum"
"11","Cancun","Cancun","Tulum","Villas Arqueológicas Cobá"
"11","Cancun","Cancun","Tulum","Villas de la Hacienda Condominio Tulum"
"11","Cancun","Cancun","Tulum","Villas Flamingo Akumal"
"11","Cancun","Cancun","Tulum","Villas Geminis Boutique Condo Hotel Tulum"
"11","Cancun","Cancun","Tulum","Villas H2O Hotel Tulum"
"11","Cancun","Cancun","Tulum","Villas Nicte Tulum"
"11","Cancun","Cancun","Tulum","Wish Tulum"
"11","Cancun","Cancun","Tulum","Xio Akumal"
"11","Cancun","Cancun","Tulum","Xpu-Ha Palace"
"11","Cancun","Cancun","Tulum","Xscape Tulum"
"11","Cancun","Cancun","Tulum","Yaakunah Tulum"
"12","Cancun","Cancun"," Tulum - Boca Paila","Papaya Playa Project Tulum (Boca Paila)"
"12","Cancun","Cancun","Boca Paila","7 Deseos Tulum"
"12","Cancun","Cancun","Boca Paila","Agua Eco Design Hotel - Tulum (Boca Paila)"
"12","Cancun","Cancun","Boca Paila","Agusto Lifestyle Glamping & Beach, Tulum (Boca Paila)"
"12","Cancun","Cancun","Boca Paila","Ahau Tulum (Boca Paila)"
"12","Cancun","Cancun","Boca Paila","Akiin Tulum (Boca Paila)"
"12","Cancun","Cancun","Boca Paila","Alaya Tulum (Boca Paila)"
"12","Cancun","Cancun","Boca Paila","Alcoba Azul Tulum (Boca Paila)"
"12","Cancun","Cancun","Boca Paila","Aldea Tulum (Boca Paila)"
"12","Cancun","Cancun","Boca Paila","Aldea Zama"
"12","Cancun","Cancun","Boca Paila","Aldea Zama Tulum"
"12","Cancun","Cancun","Boca Paila","Alma Tulum (Boca Paila)"
"12","Cancun","Cancun","Boca Paila","Aluna Hotel Tulum Aldea Zama"
"12","Cancun","Cancun","Boca Paila","Amansala Tulum (Boca Paila)"
"12","Cancun","Cancun","Boca Paila","Amorcito Corazón Tulum"
"12","Cancun","Cancun","Boca Paila","Amoreira Tulum (Boca Paila)"
"12","Cancun","Cancun","Boca Paila","Ana Y Jose Charming Hotel & Spa - Tulum (Boca Paila)"
"12","Cancun","Cancun","Boca Paila","Aqua Viva Tulum"
"12","Cancun","Cancun","Boca Paila","ArenaBlue Tulum"
"12","Cancun","Cancun","Boca Paila","Arthouse Tulum"
"12","Cancun","Cancun","Boca Paila","Artia by Moskito (Aldea Zama Tulum)"
"12","Cancun","Cancun","Boca Paila","Artia Condos Tulum"
"12","Cancun","Cancun","Boca Paila","Aura Beach Suites (Boca Paila)"
"12","Cancun","Cancun","Boca Paila","Azara Tulum Paradise"
"12","Cancun","Cancun","Boca Paila","Azucar Tulum (Boca Paila)"
"12","Cancun","Cancun","Boca Paila","Azulik Tulum (Boca Paila)"
"12","Cancun","Cancun","Boca Paila","Bambú Gran Palas Hostel Tulum"
"12","Cancun","Cancun","Boca Paila","Be Tulum"
"12","Cancun","Cancun","Boca Paila","Be Tulum (Boca Paila)"
"12","Cancun","Cancun","Boca Paila","Bejuco Hotel Tulum"
"12","Cancun","Cancun","Boca Paila","Boho Tulum"
"12","Cancun","Cancun","Boca Paila","Cabanas Copal"
"12","Cancun","Cancun","Boca Paila","Cabanas Diamante K - Tulum (Boca Paila)"
"12","Cancun","Cancun","Boca Paila","Cabanas La Luna Tulum (Boca Paila)"
"12","Cancun","Cancun","Boca Paila","Cabanas Maalix Tulum"
"12","Cancun","Cancun","Boca Paila","Cabanas My Tulum (Boca Paila)"
"12","Cancun","Cancun","Boca Paila","Cabanas Tulum (Boca Paila)"
"12","Cancun","Cancun","Boca Paila","Cabanas Yaxchen"
"12","Cancun","Cancun","Boca Paila","Cabaña Turik Planetar"
"12","Cancun","Cancun","Boca Paila","Cabañas Copal"
"12","Cancun","Cancun","Boca Paila","Cabañas La Luna, Tulum"
"12","Cancun","Cancun","Boca Paila","Cabañas Tulum Hotel"
"12","Cancun","Cancun","Boca Paila","Cabañas Zazil Kin - Tulum"
"12","Cancun","Cancun","Boca Paila","Calaluna Tulum (Boca Paila)"
"12","Cancun","Cancun","Boca Paila","Campi Chávez"
"12","Cancun","Cancun","Boca Paila","Casa Ambar Tulum"
"12","Cancun","Cancun","Boca Paila","Casa Banana Tulum (Boca Paila)"
"12","Cancun","Cancun","Boca Paila","Casa Carolina Tulum (Boca Paila)"
"12","Cancun","Cancun","Boca Paila","Casa Chic Boca Paila"
"12","Cancun","Cancun","Boca Paila","Casa Coyote Tulum (Boca Paila)"
"12","Cancun","Cancun","Boca Paila","Casa De Las Palmas - Mahayana Tulum Beach Home"
"12","Cancun","Cancun","Boca Paila","Casa De Piedra Tulum"
"12","Cancun","Cancun","Boca Paila","Casa Di Guadalupe Tulum"
"12","Cancun","Cancun","Boca Paila","Casa Dos Besos Tulum (Boca Paila)"
"12","Cancun","Cancun","Boca Paila","Casa Enrique"
"12","Cancun","Cancun","Boca Paila","Casa ganesh Tulum "
"12","Cancun","Cancun","Boca Paila","Casa Géminis"
"12","Cancun","Cancun","Boca Paila","Casa Jaguar (Boca Paila)"
"12","Cancun","Cancun","Boca Paila","Casa Malca Tulum (Boca Paila)"
"12","Cancun","Cancun","Boca Paila","Casa Malish (Boca Paila)"
"12","Cancun","Cancun","Boca Paila","Casa Mandala - Mahayana Tulum Beach Home"
"12","Cancun","Cancun","Boca Paila","Casa Mía Tulum (Boca Paila)"
"12","Cancun","Cancun","Boca Paila","Casa Mui Doida"
"12","Cancun","Cancun","Boca Paila","Casa Selva De La Luz Tulum (Boca Paila)"
"12","Cancun","Cancun","Boca Paila","Casa Tangamanga"
"12","Cancun","Cancun","Boca Paila","Casa Venus"
"12","Cancun","Cancun","Boca Paila","Casa Villa Alquimia Tulum"
"12","Cancun","Cancun","Boca Paila","Casa Violeta Tulum (Boca Paila)"
"12","Cancun","Cancun","Boca Paila","Casa Xelva Tulum (Aldea Zama)"
"12","Cancun","Cancun","Boca Paila","Casita Tortuga Tulum"
"12","Cancun","Cancun","Boca Paila","Cenote El Encanto (Boca Paila)"
"12","Cancun","Cancun","Boca Paila","Cenote Encantado (Boca Paila)"
"12","Cancun","Cancun","Boca Paila","Cenote Yaxche"
"12","Cancun","Cancun","Boca Paila","Chiringuito Tulum Hotel"
"12","Cancun","Cancun","Boca Paila","Ciel Rose Tulum"
"12","Cancun","Cancun","Boca Paila","Coco Limited Tulum (Boca Paila)"
"12","Cancun","Cancun","Boca Paila","Coco Tulum (Boca Paila)"
"12","Cancun","Cancun","Boca Paila","Coqui Coqui Tulum (Boca Paila)"
"12","Cancun","Cancun","Boca Paila","Coral Tulum Hotel Boutique"
"12","Cancun","Cancun","Boca Paila","Cormoran Boutique Hotel"
"12","Cancun","Cancun","Boca Paila","Delek Tulum (Boca Paila)"
"12","Cancun","Cancun","Boca Paila","Domicilio Particular Zona BOC"
"12","Cancun","Cancun","Boca Paila","Dos Ceibas Eco Retreat Boca Paila"
"12","Cancun","Cancun","Boca Paila","El Paraiso Hotel Tulum (Boca Paila)"
"12","Cancun","Cancun","Boca Paila","El Pez Hotel Tulum (Boca Paila)"
"12","Cancun","Cancun","Boca Paila","El Tabano Tulum (Boca Paila)"
"12","Cancun","Cancun","Boca Paila","Encantada Boutique Hotel Tulum (Boca Paila)"
"12","Cancun","Cancun","Boca Paila","Encantada Tulum"
"12","Cancun","Cancun","Boca Paila","Encanto Tulum (Aldea Zama Tulum)"
"12","Cancun","Cancun","Boca Paila","Gitano Tulum (Boca Paila)"
"12","Cancun","Cancun","Boca Paila","Green Tulum Cabañas & Gardens"
"12","Cancun","Cancun","Boca Paila","Habitas Tulum"
"12","Cancun","Cancun","Boca Paila","Har Roo"
"12","Cancun","Cancun","Boca Paila","Hartwood Tulum (Boca Paila)"
"12","Cancun","Cancun","Boca Paila","Hemingway Romantic Eco Resort (Boca Paila) "
"12","Cancun","Cancun","Boca Paila","Hip Hotel Tulum (Boca Paila)"
"12","Cancun","Cancun","Boca Paila","Hotel Amansala Tulum "
"12","Cancun","Cancun","Boca Paila","Hotel Amoreira (Bocapaila)"
"12","Cancun","Cancun","Boca Paila","Hotel Cabanas Los Lirios Tulum (Boca Paila)"
"12","Cancun","Cancun","Boca Paila","Hotel Manglex"
"12","Cancun","Cancun","Boca Paila","Hotel Naay aldea zama"
"12","Cancun","Cancun","Boca Paila","Hotel Tiki Tiki Tulum"
"12","Cancun","Cancun","Boca Paila","Hotel Tribal Tulum (Boca Paila)"
"12","Cancun","Cancun","Boca Paila","Hotel Tropicalito Tulum (Boca Paila)"
"12","Cancun","Cancun","Boca Paila","Hotel Tunich Tulum (Boca Paila)"
"12","Cancun","Cancun","Boca Paila","Hotel Viento Del Mar Tulum (Boca Paila)"
"12","Cancun","Cancun","Boca Paila","Hotel Zulum Tulum (Boca Paila)"
"12","Cancun","Cancun","Boca Paila","Hotelito Azul (Tulum)"
"12","Cancun","Cancun","Boca Paila","Iguanas Ranas"
"12","Cancun","Cancun","Boca Paila","Josa Tulum"
"12","Cancun","Cancun","Boca Paila","Juanita Diavola Tulum (Boca Paila)"
"12","Cancun","Cancun","Boca Paila","Kai Hotel & Beach Club Tulum"
"12","Cancun","Cancun","Boca Paila","Kanan Tulum (Boca Paila)"
"12","Cancun","Cancun","Boca Paila","Kasa Hotel Parota Tulum"
"12","Cancun","Cancun","Boca Paila","Kiras Beach House tulum (Boca Paila)"
"12","Cancun","Cancun","Boca Paila","Kore Tulum (Boca Paila)"
"12","Cancun","Cancun","Boca Paila","La Chan Cabanita Tulum (Boca Paila)"
"12","Cancun","Cancun","Boca Paila","La Llorona"
"12","Cancun","Cancun","Boca Paila","La Playita"
"12","Cancun","Cancun","Boca Paila","La Posada Del Sol Tulum (Boca Paila)"
"12","Cancun","Cancun","Boca Paila","la selva"
"12","Cancun","Cancun","Boca Paila","La Selva Mariposa"
"12","Cancun","Cancun","Boca Paila","La Tente Rose Tulum (Boca Paila)"
"12","Cancun","Cancun","Boca Paila","La Valise Tulum Boca paila"
"12","Cancun","Cancun","Boca Paila","La Vita E Bella Hotel"
"12","Cancun","Cancun","Boca Paila","La Zebra Hotel Tulum (Boca Paila)"
"12","Cancun","Cancun","Boca Paila","Las Palmas Maya Tulum (Boca Paila)"
"12","Cancun","Cancun","Boca Paila","Las Ranitas Eco Boutique Hotel Tulum (Boca Paila)"
"12","Cancun","Cancun","Boca Paila","Looltum Tulum"
"12","Cancun","Cancun","Boca Paila","Los Amigos Beach Tulum (Boca Paila)"
"12","Cancun","Cancun","Boca Paila","Los Arcos"
"12","Cancun","Cancun","Boca Paila","Los Arrecifes Tulum (Boca Paila)"
"12","Cancun","Cancun","Boca Paila","Luna Tulum"
"12","Cancun","Cancun","Boca Paila","Luv Tulum (Boca Paila)"
"12","Cancun","Cancun","Boca Paila","Mamamuu Tulum (Boca Paila)"
"12","Cancun","Cancun","Boca Paila","Mamasan Treehouses & Cabins Tulum"
"12","Cancun","Cancun","Boca Paila","Mamasan Tulum"
"12","Cancun","Cancun","Boca Paila","Mangrow"
"12","Cancun","Cancun","Boca Paila","Maresias"
"12","Cancun","Cancun","Boca Paila","Maria del Mar Tulum Bocapaila"
"12","Cancun","Cancun","Boca Paila","Mariposa Azul in Aldea Zama"
"12","Cancun","Cancun","Boca Paila","Mas Querida"
"12","Cancun","Cancun","Boca Paila","Maya Tulum (Boca Paila)"
"12","Cancun","Cancun","Boca Paila","Mayaluum"
"12","Cancun","Cancun","Boca Paila","Mayan Clay Tulum (Boca Paila)"
"12","Cancun","Cancun","Boca Paila","Mestizo Hotel Boutique Tulum"
"12","Cancun","Cancun","Boca Paila","Mezzanine Tulum (Boca Paila)"
"12","Cancun","Cancun","Boca Paila","Mi Amor Tulum (Boca Paila)"
"12","Cancun","Cancun","Boca Paila","Morena Del Mar"
"12","Cancun","Cancun","Boca Paila","My Way Luxury Resort Tulum (Boca Paila)"
"12","Cancun","Cancun","Boca Paila","Nativus Tulum Boca Paila"
"12","Cancun","Cancun","Boca Paila","NEST Tulum"
"12","Cancun","Cancun","Boca Paila","Nomade Tulum"
"12","Cancun","Cancun","Boca Paila","Nueva Vida De Ramiro Tulum (Boca Paila)"
"12","Cancun","Cancun","Boca Paila","Om Tulum Hotel (Boca Paila)"
"12","Cancun","Cancun","Boca Paila","Origen Tulum (Boca Paila)"
"12","Cancun","Cancun","Boca Paila","Papaya Playa Project Tulum (Boca Paila)"
"12","Cancun","Cancun","Boca Paila","Paramar condos Tulum"
"12","Cancun","Cancun","Boca Paila","Parayso Hotel Tulum (Boca Paila)"
"12","Cancun","Cancun","Boca Paila","Piedra Escondida Tulum (Boca Paila)"
"12","Cancun","Cancun","Boca Paila","Playa Azul Tulum (Boca Paila)"
"12","Cancun","Cancun","Boca Paila","Playa Canek Beach Hotel Tulum (Boca Paila)"
"12","Cancun","Cancun","Boca Paila","Playa Esperanza Tulum "
"12","Cancun","Cancun","Boca Paila","Playa Esperanza Tulum (Boca Paila)"
"12","Cancun","Cancun","Boca Paila","Playa Kin Ha Tulum (Boca Paila)"
"12","Cancun","Cancun","Boca Paila","Playa Mambo Cabanas Tulum (Boca Paila)"
"12","Cancun","Cancun","Boca Paila","Playa Selva Tulum (Boca Paila)"
"12","Cancun","Cancun","Boca Paila","Playa Xcanan Tulum (Boca Paila)"
"12","Cancun","Cancun","Boca Paila","Playa Xcancun"
"12","Cancun","Cancun","Boca Paila","Pocna Tulum"
"12","Cancun","Cancun","Boca Paila","Pocna Tulum Hotel"
"12","Cancun","Cancun","Boca Paila","Posada Dos Ceibas Tulum (Boca Paila)"
"12","Cancun","Cancun","Boca Paila","Posada Lamar Tulum (Boca Paila)"
"12","Cancun","Cancun","Boca Paila","Posada Luna del Sur"
"12","Cancun","Cancun","Boca Paila","Posada Margherita Tulum (Boca Paila)"
"12","Cancun","Cancun","Boca Paila","Posada Punta Piedra Tulum (Boca Paila)"
"12","Cancun","Cancun","Boca Paila","Prana Tulum Aldea Zama "
"12","Cancun","Cancun","Boca Paila","Private Destination Boca Paila"
"12","Cancun","Cancun","Boca Paila","Puerta Del Cielo Tulum (Boca Paila)"
"12","Cancun","Cancun","Boca Paila","Puerta Zama Tulum"
"12","Cancun","Cancun","Boca Paila","Puro Corazon - Tulum (Boca Paila)"
"12","Cancun","Cancun","Boca Paila","Querido Tulum"
"12","Cancun","Cancun","Boca Paila","Rancho San Erik Tulum (Boca Paila)"
"12","Cancun","Cancun","Boca Paila","Residencial Gorila"
"12","Cancun","Cancun","Boca Paila","Retiro Maya Tulum (Boca Paila)"
"12","Cancun","Cancun","Boca Paila","Rosa Del Viento Tulum (Boca Paila)"
"12","Cancun","Cancun","Boca Paila","Sanara Tulum (Boca Paila)"
"12","Cancun","Cancun","Boca Paila","Shambala Petit Hotel Tulum (Boca Paila)"
"12","Cancun","Cancun","Boca Paila","Sol Y Luna"
"12","Cancun","Cancun","Boca Paila","Suenos Tulum (Boca Paila)"
"12","Cancun","Cancun","Boca Paila","Suites Tulum (Boca Paila)"
"12","Cancun","Cancun","Boca Paila","Tata Tulum"
"12","Cancun","Cancun","Boca Paila","Tercer Cielo , Cenote"
"12","Cancun","Cancun","Boca Paila","The Beach Tulum Hotel (Boca Paila)"
"12","Cancun","Cancun","Boca Paila","The Highline Tulum Aldea Zama"
"12","Cancun","Cancun","Boca Paila","Tita Tulum"
"12","Cancun","Cancun","Boca Paila","Tita Tulum (Boca Paila)"
"12","Cancun","Cancun","Boca Paila","Tolok Tulum (Boca Paila)"
"12","Cancun","Cancun","Boca Paila","Tulaka Yaam"
"12","Cancun","Cancun","Boca Paila","Tulum Dune Boutique Hotel"
"12","Cancun","Cancun","Boca Paila","Tulumbay Hotel (Boca Paila)"
"12","Cancun","Cancun","Boca Paila","Utopia Guesthouse & Yoga Studio Tulum (Boca Paila)"
"12","Cancun","Cancun","Boca Paila","Villa Esperia Tulum"
"12","Cancun","Cancun","Boca Paila","Villa Kilmia"
"12","Cancun","Cancun","Boca Paila","Villa Las Estrellas Tulum"
"12","Cancun","Cancun","Boca Paila","Villa Latina Tulum (Boca Paila)"
"12","Cancun","Cancun","Boca Paila","Villa Pescadores Hotel & Beach Club Tulum (Boca Paila)"
"12","Cancun","Cancun","Boca Paila","Villas Las Estrellas"
"12","Cancun","Cancun","Boca Paila","Villas Sian Kaan Tulum (Boca Paila)"
"12","Cancun","Cancun","Boca Paila","Xaman Condos Tulum"
"12","Cancun","Cancun","Boca Paila","Xbalamque Tulum (Boca Paila)"
"12","Cancun","Cancun","Boca Paila","Yaan Wellness Tulum (Boca Paila)"
"12","Cancun","Cancun","Boca Paila","Yaxiik Villas Tulum"
"12","Cancun","Cancun","Boca Paila","Yoga Shala Tulum (Boca Paila)"
"12","Cancun","Cancun","Boca Paila","Zahra Tulum (Boca Paila)"
"12","Cancun","Cancun","Boca Paila","Zama Gardens Tulum"
"12","Cancun","Cancun","Boca Paila","Zama Village Aldea Zama"
"12","Cancun","Cancun","Boca Paila","Zamas Hotel Tulum (Boca Paila)"
"12","Cancun","Cancun","Boca Paila","Zamna"
"12","Cancun","Cancun","Boca Paila","Zazil Kin Tulum (Boca Paila)"
"12","Cancun","Cancun","Boca Paila","Zendero Hotel Tulum"
"12","Cancun","Cancun","Boca Paila","Zenserenity Tulum"
"12","Cancun","Cancun","Boca Paila","Ziggys Beach Tulum (Boca Paila)"
"12","Cancun","Cancun","Boca Paila","Zona Corazón"
"12","Cancun","Cancun","Boca Paila","Zorba Beach Homes (Boca Paila)"
"12","Cancun","Cancun","Boca Paila","HOTEL PANAMERA TULUM"
"13","Cancun","Cancun","Puerto Chiquila ","HOLBOX FERRY PUERTO (CHIQUILA)"
"13","Cancun","Cancun","Puerto Chiquila ","CHIQUILA FERRY (HOLBOX)"
